Região,Ano,Mês,Energia
Brasil,2024,Janeiro,46835420.17100002
Norte,2024,Janeiro,3469530.5599999996
Nordeste,2024,Janeiro,8401502.120000001
Sudeste,2024,Janeiro,22368249.72
Sul,2024,Janeiro,8896396.660999998
Centro-Oeste,2024,Janeiro,3699741.11
Brasil,2023,Janeiro,42549223.7
Norte,2023,Janeiro,3179448.75
Nordeste,2023,Janeiro,7665183.47
Sudeste,2023,Janeiro,20159474.99
Sul,2023,Janeiro,8304697.21
Centro-Oeste,2023,Janeiro,3240419.28
Brasil,2022,Janeiro,42532862.36000001
Norte,2022,Janeiro,3033707.57
Nordeste,2022,Janeiro,7269935.419999999
Sudeste,2022,Janeiro,20474247.440000005
Sul,2022,Janeiro,8500828.26
Centro-Oeste,2022,Janeiro,3254143.6700000004
Brasil,2021,Janeiro,43093327.86000001
Norte,2021,Janeiro,2873240.7700000005
Nordeste,2021,Janeiro,7419802.7
Sudeste,2021,Janeiro,21497694.92
Sul,2021,Janeiro,8117258.05
Centro-Oeste,2021,Janeiro,3185331.42
Brasil,2020,Janeiro,41337389.0101
Norte,2020,Janeiro,2894525.5599999996
Nordeste,2020,Janeiro,7130559.42
Sudeste,2020,Janeiro,20157502.180000003
Sul,2020,Janeiro,7980474.770099999
Centro-Oeste,2020,Janeiro,3174327.08
Brasil,2019,Janeiro,41654959.989999995
Norte,2019,Janeiro,2563184.13
Nordeste,2019,Janeiro,6973292.250000001
Sudeste,2019,Janeiro,20965937.5
Sul,2019,Janeiro,8000635.0600000005
Centro-Oeste,2019,Janeiro,3151911.05
Brasil,2018,Janeiro,40058305.8
Norte,2018,Janeiro,2812897.8600000003
Nordeste,2018,Janeiro,6718801.139999999
Sudeste,2018,Janeiro,20078364.460000005
Sul,2018,Janeiro,7526624.319999999
Centro-Oeste,2018,Janeiro,2921618.02
Brasil,2017,Janeiro,39358019.58
Norte,2017,Janeiro,2766063
Nordeste,2017,Janeiro,6697103.29
Sudeste,2017,Janeiro,19686157.259999998
Sul,2017,Janeiro,7307446.3
Centro-Oeste,2017,Janeiro,2901249.73
Brasil,2016,Janeiro,38408542.10000001
Norte,2016,Janeiro,2734717
Nordeste,2016,Janeiro,6542214.100000001
Sudeste,2016,Janeiro,19314000.68
Sul,2016,Janeiro,6978391.33
Centro-Oeste,2016,Janeiro,2839218.99
Brasil,2015,Janeiro,40760683.53
Norte,2015,Janeiro,2720657.89
Nordeste,2015,Janeiro,6908173.279999999
Sudeste,2015,Janeiro,20943263.25
Sul,2015,Janeiro,7330738.32
Centro-Oeste,2015,Janeiro,2857850.79
Brasil,2014,Janeiro,40279759
Norte,2014,Janeiro,2600972
Nordeste,2014,Janeiro,6886428
Sudeste,2014,Janeiro,20704340
Sul,2014,Janeiro,7333087
Centro-Oeste,2014,Janeiro,2754932
Brasil,2013,Janeiro,38366809.739999995
Norte,2013,Janeiro,2392452.74
Nordeste,2013,Janeiro,6659728
Sudeste,2013,Janeiro,20089886
Sul,2013,Janeiro,6617103
Centro-Oeste,2013,Janeiro,2607640
Brasil,2012,Janeiro,36305167.29000001
Norte,2012,Janeiro,2368905.09
Nordeste,2012,Janeiro,6297828
Sudeste,2012,Janeiro,18915418
Sul,2012,Janeiro,6353277.2
Centro-Oeste,2012,Janeiro,2369739
Brasil,2011,Janeiro,35873744.260000005
Norte,2011,Janeiro,2215755.26
Nordeste,2011,Janeiro,5988600
Sudeste,2011,Janeiro,19247694
Sul,2011,Janeiro,6285133
Centro-Oeste,2011,Janeiro,2136562
Brasil,2010,Janeiro,33360460.71
Norte,2010,Janeiro,2065344.75
Nordeste,2010,Janeiro,5739946.35
Sudeste,2010,Janeiro,17684138.3
Sul,2010,Janeiro,5798706.31
Centro-Oeste,2010,Janeiro,2072325
Brasil,2009,Janeiro,30666661.8
Norte,2009,Janeiro,1981913
Nordeste,2009,Janeiro,5340331
Sudeste,2009,Janeiro,16124348
Sul,2009,Janeiro,5279472
Centro-Oeste,2009,Janeiro,1940597.8
Brasil,2008,Janeiro,31855946.27
Norte,2008,Janeiro,1890320
Nordeste,2008,Janeiro,5505389.27
Sudeste,2008,Janeiro,17157633
Sul,2008,Janeiro,5491078
Centro-Oeste,2008,Janeiro,1811526
Brasil,2007,Janeiro,30699704
Norte,2007,Janeiro,1833708
Nordeste,2007,Janeiro,5184828
Sudeste,2007,Janeiro,16699870
Sul,2007,Janeiro,5203429
Centro-Oeste,2007,Janeiro,1777869
Brasil,2006,Janeiro,28880910.62
Norte,2006,Janeiro,1727931.86
Nordeste,2006,Janeiro,4913181.87
Sudeste,2006,Janeiro,15695620.21
Sul,2006,Janeiro,4927599.7700000005
Centro-Oeste,2006,Janeiro,1616576.9100000001
Brasil,2005,Janeiro,28375437.441
Norte,2005,Janeiro,1687538.58
Nordeste,2005,Janeiro,4775175.930000001
Sudeste,2005,Janeiro,15518488.33
Sul,2005,Janeiro,4809416.19
Centro-Oeste,2005,Janeiro,1584818.411
Brasil,2004,Janeiro,26978358.020000007
Norte,2004,Janeiro,1574434.3399999999
Nordeste,2004,Janeiro,4457112.38
Sudeste,2004,Janeiro,14929524.399999999
Sul,2004,Janeiro,4510113.04
Centro-Oeste,2004,Janeiro,1507173.8599999999
Brasil,2024,Fevereiro,46309139.48109998
Norte,2024,Fevereiro,3313458.3299999996
Nordeste,2024,Fevereiro,8159710.76
Sudeste,2024,Fevereiro,22055645.830000002
Sul,2024,Fevereiro,9152087.220099999
Centro-Oeste,2024,Fevereiro,3628237.340999999
Brasil,2023,Fevereiro,43078899.11110001
Norte,2023,Fevereiro,2962051
Nordeste,2023,Fevereiro,7494725.11
Sudeste,2023,Fevereiro,20762179.831000004
Sul,2023,Fevereiro,8623366.1601
Centro-Oeste,2023,Fevereiro,3236577.0100000002
Brasil,2022,Fevereiro,41848960.54
Norte,2022,Fevereiro,2774942.82
Nordeste,2022,Fevereiro,6998206.28
Sudeste,2022,Fevereiro,20326411.77
Sul,2022,Fevereiro,8547847.719999999
Centro-Oeste,2022,Fevereiro,3201551.9499999997
Brasil,2021,Fevereiro,41507062.78999999
Norte,2021,Fevereiro,2756767.0200000005
Nordeste,2021,Fevereiro,7043660.910000001
Sudeste,2021,Fevereiro,20562262.520000003
Sul,2021,Fevereiro,7972092.380000002
Centro-Oeste,2021,Fevereiro,3172279.9600000004
Brasil,2020,Fevereiro,40969701.86999999
Norte,2020,Fevereiro,2836046.67
Nordeste,2020,Fevereiro,6813766.969999999
Sudeste,2020,Fevereiro,19994440.4
Sul,2020,Fevereiro,8120195.39
Centro-Oeste,2020,Fevereiro,3205252.4399999995
Brasil,2019,Fevereiro,41170919.40999998
Norte,2019,Fevereiro,2421378.87
Nordeste,2019,Fevereiro,6827893.670000001
Sudeste,2019,Fevereiro,20584521.409999996
Sul,2019,Fevereiro,8131096.279999998
Centro-Oeste,2019,Fevereiro,3206029.1799999997
Brasil,2018,Fevereiro,39174100.749999985
Norte,2018,Fevereiro,2650538.7600000002
Nordeste,2018,Fevereiro,6357334.14
Sudeste,2018,Fevereiro,19689599.590000004
Sul,2018,Fevereiro,7571526.529999999
Centro-Oeste,2018,Fevereiro,2905101.7300000004
Brasil,2017,Fevereiro,38847236.49
Norte,2017,Fevereiro,2556160
Nordeste,2017,Fevereiro,6348751.7700000005
Sudeste,2017,Fevereiro,19583907.14
Sul,2017,Fevereiro,7520745.57
Centro-Oeste,2017,Fevereiro,2837672.01
Brasil,2016,Fevereiro,38733769.57
Norte,2016,Fevereiro,2708798.6
Nordeste,2016,Fevereiro,6284269.91
Sudeste,2016,Fevereiro,19495060.04
Sul,2016,Fevereiro,7406977.5200000005
Centro-Oeste,2016,Fevereiro,2838663.5
Brasil,2015,Fevereiro,40723219.36
Norte,2015,Fevereiro,2565453
Nordeste,2015,Fevereiro,6693234.81
Sudeste,2015,Fevereiro,20869826.87
Sul,2015,Fevereiro,7665269.3
Centro-Oeste,2015,Fevereiro,2929435.38
Brasil,2014,Fevereiro,41653487
Norte,2014,Fevereiro,2476973
Nordeste,2014,Fevereiro,6620899
Sudeste,2014,Fevereiro,21763013
Sul,2014,Fevereiro,8019594
Centro-Oeste,2014,Fevereiro,2773008
Brasil,2013,Fevereiro,38001415.72
Norte,2013,Fevereiro,2266205.7199999997
Nordeste,2013,Fevereiro,6452494
Sudeste,2013,Fevereiro,19775484
Sul,2013,Fevereiro,6948499
Centro-Oeste,2013,Fevereiro,2558733
Brasil,2012,Fevereiro,36888068.019999996
Norte,2012,Fevereiro,2321771.54
Nordeste,2012,Fevereiro,6010436
Sudeste,2012,Fevereiro,19327465
Sul,2012,Fevereiro,6812782.48
Centro-Oeste,2012,Fevereiro,2415613
Brasil,2011,Fevereiro,35444916.66
Norte,2011,Fevereiro,2063281.6600000001
Nordeste,2011,Fevereiro,5502639
Sudeste,2011,Fevereiro,19218269
Sul,2011,Fevereiro,6504407
Centro-Oeste,2011,Fevereiro,2156320
Brasil,2010,Fevereiro,33729757.75
Norte,2010,Fevereiro,1976809.75
Nordeste,2010,Fevereiro,5589432
Sudeste,2010,Fevereiro,18113423
Sul,2010,Fevereiro,5979347
Centro-Oeste,2010,Fevereiro,2070746
Brasil,2009,Fevereiro,30495142.71
Norte,2009,Fevereiro,1804162
Nordeste,2009,Fevereiro,5098685
Sudeste,2009,Fevereiro,16190533
Sul,2009,Fevereiro,5465140
Centro-Oeste,2009,Fevereiro,1936622.71
Brasil,2008,Fevereiro,31730940.65
Norte,2008,Fevereiro,1836296
Nordeste,2008,Fevereiro,5284769.65
Sudeste,2008,Fevereiro,17088727
Sul,2008,Fevereiro,5689547
Centro-Oeste,2008,Fevereiro,1831601
Brasil,2007,Fevereiro,30324669
Norte,2007,Fevereiro,1752986
Nordeste,2007,Fevereiro,4883152
Sudeste,2007,Fevereiro,16615359
Sul,2007,Fevereiro,5351937
Centro-Oeste,2007,Fevereiro,1721235
Brasil,2006,Fevereiro,29383486.499999993
Norte,2006,Fevereiro,1646351.9
Nordeste,2006,Fevereiro,4704041.08
Sudeste,2006,Fevereiro,16178817.62
Sul,2006,Fevereiro,5187222.33
Centro-Oeste,2006,Fevereiro,1667053.57
Brasil,2005,Fevereiro,27838480.970000003
Norte,2005,Fevereiro,1619124.37
Nordeste,2005,Fevereiro,4526038.109999999
Sudeste,2005,Fevereiro,15157054.859999998
Sul,2005,Fevereiro,4966585.859999999
Centro-Oeste,2005,Fevereiro,1569677.7699999998
Brasil,2004,Fevereiro,26508170.77
Norte,2004,Fevereiro,1507448.5899999999
Nordeste,2004,Fevereiro,4139767.9999999995
Sudeste,2004,Fevereiro,14714713.51
Sul,2004,Fevereiro,4690227.859999999
Centro-Oeste,2004,Fevereiro,1456012.8099999998
Brasil,2024,Março,47827070.53890002
Norte,2024,Março,3466495.4699999997
Nordeste,2024,Março,8208486.8100000005
Sudeste,2024,Março,23022452.700000007
Sul,2024,Março,9355275.2189
Centro-Oeste,2024,Março,3774360.34
Brasil,2023,Março,45714391.09099998
Norte,2023,Março,3327716.43
Nordeste,2023,Março,7914538.819999999
Sudeste,2023,Março,22083389.151
Sul,2023,Março,8953570.25
Centro-Oeste,2023,Março,3435176.440000001
Brasil,2022,Março,44674065.28000001
Norte,2022,Março,3003595.52
Nordeste,2022,Março,7459576.670000001
Sudeste,2022,Março,22069843.080000006
Sul,2022,Março,8768559.93
Centro-Oeste,2022,Março,3372490.08
Brasil,2021,Março,43661452.061
Norte,2021,Março,2891450.83
Nordeste,2021,Março,7244997.409999999
Sudeste,2021,Março,21988991.290999994
Sul,2021,Março,8257890.369999999
Centro-Oeste,2021,Março,3278122.1599999997
Brasil,2020,Março,41146409.01900001
Norte,2020,Março,2815284.1799999997
Nordeste,2020,Março,6937722.5
Sudeste,2020,Março,20221091.040000003
Sul,2020,Março,7950412.569
Centro-Oeste,2020,Março,3221898.73
Brasil,2019,Março,41155262.42000001
Norte,2019,Março,2600590.65
Nordeste,2019,Março,7056848.88
Sudeste,2019,Março,20626329.709999993
Sul,2019,Março,7767428.41
Centro-Oeste,2019,Março,3104064.77
Brasil,2018,Março,41112932.61999999
Norte,2018,Março,2868573.59
Nordeste,2018,Março,6587721.199999999
Sudeste,2018,Março,20852952.930000003
Sul,2018,Março,7771959.059999999
Centro-Oeste,2018,Março,3031725.84
Brasil,2017,Março,40552671.160000004
Norte,2017,Março,2795464
Nordeste,2017,Março,6796094.529999999
Sudeste,2017,Março,20172690.959999997
Sul,2017,Março,7845156.26
Centro-Oeste,2017,Março,2943265.41
Brasil,2016,Março,39451889.24
Norte,2016,Março,2863718
Nordeste,2016,Março,6799183.5
Sudeste,2016,Março,19611353.62
Sul,2016,Março,7259987.59
Centro-Oeste,2016,Março,2917646.53
Brasil,2015,Março,39765521.39
Norte,2015,Março,2709350
Nordeste,2015,Março,6848289.03
Sudeste,2015,Março,20150053.41
Sul,2015,Março,7278854
Centro-Oeste,2015,Março,2778974.95
Brasil,2014,Março,40315392
Norte,2014,Março,2612667
Nordeste,2014,Março,6857552
Sudeste,2014,Março,20786600
Sul,2014,Março,7281924
Centro-Oeste,2014,Março,2776649
Brasil,2013,Março,38442191.55
Norte,2013,Março,2378191.55
Nordeste,2013,Março,6705944
Sudeste,2013,Março,19907218
Sul,2013,Março,6833953
Centro-Oeste,2013,Março,2616885
Brasil,2012,Março,38635573.72
Norte,2012,Março,2439658.4299999997
Nordeste,2012,Março,6407753
Sudeste,2012,Março,20243305
Sul,2012,Março,7026116.29
Centro-Oeste,2012,Março,2518741
Brasil,2011,Março,36350690.05
Norte,2011,Março,2235928.05
Nordeste,2011,Março,6026836
Sudeste,2011,Março,19390849
Sul,2011,Março,6435946
Centro-Oeste,2011,Março,2261131
Brasil,2010,Março,35116881.82
Norte,2010,Março,2107322.82
Nordeste,2010,Março,6118961
Sudeste,2010,Março,18521916
Sul,2010,Março,6199985
Centro-Oeste,2010,Março,2168697
Brasil,2009,Março,31977749.51
Norte,2009,Março,1882490
Nordeste,2009,Março,5391003
Sudeste,2009,Março,16931565
Sul,2009,Março,5742612
Centro-Oeste,2009,Março,2030079.51
Brasil,2008,Março,32118714.86
Norte,2008,Março,1900506
Nordeste,2008,Março,5365905.86
Sudeste,2008,Março,17293931
Sul,2008,Março,5723834
Centro-Oeste,2008,Março,1834538
Brasil,2007,Março,31312900
Norte,2007,Março,1820537
Nordeste,2007,Março,4985447
Sudeste,2007,Março,17288542
Sul,2007,Março,5424059
Centro-Oeste,2007,Março,1794315
Brasil,2006,Março,29897827.73
Norte,2006,Março,1741059.95
Nordeste,2006,Março,4976021.879999999
Sudeste,2006,Março,16273216.75
Sul,2006,Março,5211509.389999999
Centro-Oeste,2006,Março,1696019.7600000002
Brasil,2005,Março,28598631.508999996
Norte,2005,Março,1669597.5300000003
Nordeste,2005,Março,4692201.49
Sudeste,2005,Março,15516647.869999997
Sul,2005,Março,5069873.21
Centro-Oeste,2005,Março,1650311.409
Brasil,2004,Março,27284329.409999996
Norte,2004,Março,1574176.6900000002
Nordeste,2004,Março,4372743.11
Sudeste,2004,Março,14903795.679999998
Sul,2004,Março,4898770.4
Centro-Oeste,2004,Março,1534843.53
Brasil,2024,Abril,47337699.25999999
Norte,2024,Abril,3455924.38
Nordeste,2024,Abril,8354166.96
Sudeste,2024,Abril,22685707.968999997
Sul,2024,Abril,9077472.571
Centro-Oeste,2024,Abril,3764427.380000001
Brasil,2023,Abril,44884947.12999998
Norte,2023,Abril,3213742.59
Nordeste,2023,Abril,7809121.700000001
Sudeste,2023,Abril,21706203.680000003
Sul,2023,Abril,8645236.81
Centro-Oeste,2023,Abril,3510642.349999999
Brasil,2022,Abril,43210840.669999994
Norte,2022,Abril,2935305.7800000003
Nordeste,2022,Abril,7240387.709999999
Sudeste,2022,Abril,21718099.509999998
Sul,2022,Abril,7909914.340000001
Centro-Oeste,2022,Abril,3407133.33
Brasil,2021,Abril,42657441.68000001
Norte,2021,Abril,2986817.7800000003
Nordeste,2021,Abril,7205497.630000001
Sudeste,2021,Abril,21061906.689999998
Sul,2021,Abril,8114934.320000001
Centro-Oeste,2021,Abril,3288285.26
Brasil,2020,Abril,37272076.859999985
Norte,2020,Abril,2629850.4
Nordeste,2020,Abril,6370728.71
Sudeste,2020,Abril,18064679.860000003
Sul,2020,Abril,7081306.47
Centro-Oeste,2020,Abril,3125511.42
Brasil,2019,Abril,39731356.75999998
Norte,2019,Abril,2568934.2800000003
Nordeste,2019,Abril,6780238.95
Sudeste,2019,Abril,19827659.31
Sul,2019,Abril,7470885.5
Centro-Oeste,2019,Abril,3083638.7199999997
Brasil,2018,Abril,40697563.25000002
Norte,2018,Abril,2679313.77
Nordeste,2018,Abril,6668104.29
Sudeste,2018,Abril,20732785.770000003
Sul,2018,Abril,7527392.069999999
Centro-Oeste,2018,Abril,3089967.35
Brasil,2017,Abril,39436572.29
Norte,2017,Abril,2721049
Nordeste,2017,Abril,6567471.6
Sudeste,2017,Abril,19877597.32
Sul,2017,Abril,7275839.72
Centro-Oeste,2017,Abril,2994614.65
Brasil,2016,Abril,40276231.080000006
Norte,2016,Abril,2727271
Nordeste,2016,Abril,6615689.72
Sudeste,2016,Abril,20520225.2
Sul,2016,Abril,7326166.4799999995
Centro-Oeste,2016,Abril,3086878.68
Brasil,2015,Abril,39602500.300000004
Norte,2015,Abril,2646878
Nordeste,2015,Abril,6677082.84
Sudeste,2015,Abril,20215138.02
Sul,2015,Abril,7236051.6
Centro-Oeste,2015,Abril,2827349.84
Brasil,2014,Abril,39550251
Norte,2014,Abril,2601327
Nordeste,2014,Abril,6683649
Sudeste,2014,Abril,20451935
Sul,2014,Abril,7007480
Centro-Oeste,2014,Abril,2805860
Brasil,2013,Abril,38653663.43
Norte,2013,Abril,2461104.4299999997
Nordeste,2013,Abril,6852552
Sudeste,2013,Abril,20097448
Sul,2013,Abril,6572123
Centro-Oeste,2013,Abril,2670436
Brasil,2012,Abril,37995869.09
Norte,2012,Abril,2361904.7800000003
Nordeste,2012,Abril,6271553
Sudeste,2012,Abril,20295686
Sul,2012,Abril,6534981.31
Centro-Oeste,2012,Abril,2531744
Brasil,2011,Abril,36048318.05
Norte,2011,Abril,2218663.05
Nordeste,2011,Abril,5966554
Sudeste,2011,Abril,19369031
Sul,2011,Abril,6183233
Centro-Oeste,2011,Abril,2310837
Brasil,2010,Abril,35025860.489999995
Norte,2010,Abril,2146015.49
Nordeste,2010,Abril,5884040
Sudeste,2010,Abril,18825122
Sul,2010,Abril,5982263
Centro-Oeste,2010,Abril,2188420
Brasil,2009,Abril,32042792.8
Norte,2009,Abril,1919027
Nordeste,2009,Abril,5307847
Sudeste,2009,Abril,17027530
Sul,2009,Abril,5671556
Centro-Oeste,2009,Abril,2116832.8
Brasil,2008,Abril,31952656.29
Norte,2008,Abril,1888899
Nordeste,2008,Abril,5266621.29
Sudeste,2008,Abril,17284914
Sul,2008,Abril,5604344
Centro-Oeste,2008,Abril,1907878
Brasil,2007,Abril,32030744
Norte,2007,Abril,1832867
Nordeste,2007,Abril,5117947
Sudeste,2007,Abril,17761372
Sul,2007,Abril,5404659
Centro-Oeste,2007,Abril,1913899
Brasil,2006,Abril,29887953.009999998
Norte,2006,Abril,1733653.3900000001
Nordeste,2006,Abril,4856338.37
Sudeste,2006,Abril,16494218.43
Sul,2006,Abril,5062542.87
Centro-Oeste,2006,Abril,1741199.9499999997
Brasil,2005,Abril,29355501.910000008
Norte,2005,Abril,1651886.5100000002
Nordeste,2005,Abril,4675415.4799999995
Sudeste,2005,Abril,16304407.599999998
Sul,2005,Abril,4997008.14
Centro-Oeste,2005,Abril,1726784.1800000002
Brasil,2004,Abril,28046182.351
Norte,2004,Abril,1598862.11
Nordeste,2004,Abril,4461999.48
Sudeste,2004,Abril,15501322.96
Sul,2004,Abril,4873311.140000001
Centro-Oeste,2004,Abril,1610686.661
Brasil,2024,Maio,0
Norte,2024,Maio,0
Nordeste,2024,Maio,0
Sudeste,2024,Maio,0
Sul,2024,Maio,0
Centro-Oeste,2024,Maio,0
Brasil,2023,Maio,43164881.79900002
Norte,2023,Maio,3393481.43
Nordeste,2023,Maio,7940968.289
Sudeste,2023,Maio,20584052.929999996
Sul,2023,Maio,7868683.14
Centro-Oeste,2023,Maio,3377696.0100000002
Brasil,2022,Maio,42050012.731000006
Norte,2022,Maio,3100010.501
Nordeste,2022,Maio,7269431.8500000015
Sudeste,2022,Maio,20788847.08
Sul,2022,Maio,7536736.120000001
Centro-Oeste,2022,Maio,3354987.18
Brasil,2021,Maio,40784637.999999985
Norte,2021,Maio,3053068.8200000003
Nordeste,2021,Maio,6974430.130000002
Sudeste,2021,Maio,19953594.76
Sul,2021,Maio,7579901.759999999
Centro-Oeste,2021,Maio,3223642.53
Brasil,2020,Maio,36129788.54010001
Norte,2020,Maio,2656714.05
Nordeste,2020,Maio,6362263.010000001
Sudeste,2020,Maio,17378115.140000004
Sul,2020,Maio,6672169.1400999995
Centro-Oeste,2020,Maio,3060527.2
Brasil,2019,Maio,40487228.46
Norte,2019,Maio,2688743.06
Nordeste,2019,Maio,7061639.58
Sudeste,2019,Maio,20187002.549999997
Sul,2019,Maio,7374881.39
Centro-Oeste,2019,Maio,3174961.88
Brasil,2018,Maio,39267849.54999999
Norte,2018,Maio,2666894.6700000004
Nordeste,2018,Maio,6660480.090000001
Sudeste,2018,Maio,19736423.810000006
Sul,2018,Maio,7190266.670000001
Centro-Oeste,2018,Maio,3013784.3099999996
Brasil,2017,Maio,38159955.32
Norte,2017,Maio,2934453
Nordeste,2017,Maio,6677706.97
Sudeste,2017,Maio,18885259.02
Sul,2017,Maio,6691196.25
Centro-Oeste,2017,Maio,2971340.08
Brasil,2016,Maio,38652561.57999999
Norte,2016,Maio,2862447
Nordeste,2016,Maio,6725406.93
Sudeste,2016,Maio,19303127.16
Sul,2016,Maio,6859486.78
Centro-Oeste,2016,Maio,2902093.71
Brasil,2015,Maio,38208982.339999996
Norte,2015,Maio,2718412
Nordeste,2015,Maio,6660375.949999999
Sudeste,2015,Maio,19296451.63
Sul,2015,Maio,6683610.3
Centro-Oeste,2015,Maio,2850132.46
Brasil,2014,Maio,39100499
Norte,2014,Maio,2707327
Nordeste,2014,Maio,6683419
Sudeste,2014,Maio,20068194
Sul,2014,Maio,6794930
Centro-Oeste,2014,Maio,2846629
Brasil,2013,Maio,38344861.57
Norte,2013,Maio,2454163.5700000003
Nordeste,2013,Maio,6660227
Sudeste,2013,Maio,19911821
Sul,2013,Maio,6613672
Centro-Oeste,2013,Maio,2704978
Brasil,2012,Maio,36810191.03
Norte,2012,Maio,2430160.15
Nordeste,2012,Maio,6436375
Sudeste,2012,Maio,19244538
Sul,2012,Maio,6141746.88
Centro-Oeste,2012,Maio,2557371
Brasil,2011,Maio,35565987.39
Norte,2011,Maio,2262894.39
Nordeste,2011,Maio,5899310
Sudeste,2011,Maio,18908980
Sul,2011,Maio,6147984
Centro-Oeste,2011,Maio,2346819
Brasil,2010,Maio,34296978
Norte,2010,Maio,2175440
Nordeste,2010,Maio,5959632
Sudeste,2010,Maio,18240192
Sul,2010,Maio,5730901
Centro-Oeste,2010,Maio,2190813
Brasil,2009,Maio,30945452.900000002
Norte,2009,Maio,1923559
Nordeste,2009,Maio,5189806
Sudeste,2009,Maio,16500151
Sul,2009,Maio,5266440
Centro-Oeste,2009,Maio,2065496.9000000001
Brasil,2008,Maio,32299963.39
Norte,2008,Maio,1933034
Nordeste,2008,Maio,5436907.39
Sudeste,2008,Maio,17577262
Sul,2008,Maio,5382338
Centro-Oeste,2008,Maio,1970422
Brasil,2007,Maio,31382917
Norte,2007,Maio,1889427
Nordeste,2007,Maio,5132742
Sudeste,2007,Maio,17290528
Sul,2007,Maio,5219841
Centro-Oeste,2007,Maio,1850379
Brasil,2006,Maio,28925038.559999995
Norte,2006,Maio,1753959.1899999997
Nordeste,2006,Maio,4793831.55
Sudeste,2006,Maio,15885834.52
Sul,2006,Maio,4807141
Centro-Oeste,2006,Maio,1684272.2999999998
Brasil,2005,Maio,28482150.609999996
Norte,2005,Maio,1689408.58
Nordeste,2005,Maio,4738600.68
Sudeste,2005,Maio,15581963.429999998
Sul,2005,Maio,4799820.58
Centro-Oeste,2005,Maio,1672357.34
Brasil,2004,Maio,27244506.479999993
Norte,2004,Maio,1625478.9200000002
Nordeste,2004,Maio,4423584.5200000005
Sudeste,2004,Maio,14906628.719999999
Sul,2004,Maio,4723026.16
Centro-Oeste,2004,Maio,1565788.16
Brasil,2024,Junho,0
Norte,2024,Junho,0
Nordeste,2024,Junho,0
Sudeste,2024,Junho,0
Sul,2024,Junho,0
Centro-Oeste,2024,Junho,0
Brasil,2023,Junho,42649622.92999998
Norte,2023,Junho,3375363.1399999997
Nordeste,2023,Junho,7727777.839999998
Sudeste,2023,Junho,20480714.120000005
Sul,2023,Junho,7697984.850000001
Centro-Oeste,2023,Junho,3367782.9799999995
Brasil,2022,Junho,40938867.979
Norte,2022,Junho,3120577.6099999994
Nordeste,2022,Junho,7021727.61
Sudeste,2022,Junho,19924574.97
Sul,2022,Junho,7594186.448999998
Centro-Oeste,2022,Junho,3277801.34
Brasil,2021,Junho,40428922.62999999
Norte,2021,Junho,3043949.37
Nordeste,2021,Junho,6994341.5600000005
Sudeste,2021,Junho,19751840.64
Sul,2021,Junho,7330462.949999998
Centro-Oeste,2021,Junho,3308328.1100000003
Brasil,2020,Junho,35774623.69999998
Norte,2020,Junho,2708916.2800000003
Nordeste,2020,Junho,6240148.050000001
Sudeste,2020,Junho,17315901.33
Sul,2020,Junho,6566358.790000001
Centro-Oeste,2020,Junho,2943299.2500000005
Brasil,2019,Junho,38448963.43000002
Norte,2019,Junho,2720526.67
Nordeste,2019,Junho,6631774.709999998
Sudeste,2019,Junho,18980779.55
Sul,2019,Junho,7058333.919999998
Centro-Oeste,2019,Junho,3057548.5799999996
Brasil,2018,Junho,38207689.970000006
Norte,2018,Junho,2582786.8200000003
Nordeste,2018,Junho,6603192.869999999
Sudeste,2018,Junho,19179160.04
Sul,2018,Junho,6899775.49
Centro-Oeste,2018,Junho,2942774.75
Brasil,2017,Junho,38119592.089999996
Norte,2017,Junho,2891844
Nordeste,2017,Junho,6597184.91
Sudeste,2017,Junho,18859514.270000003
Sul,2017,Junho,6804976.2
Centro-Oeste,2017,Junho,2966072.71
Brasil,2016,Junho,37557220.230000004
Norte,2016,Junho,2818826
Nordeste,2016,Junho,6602855.78
Sudeste,2016,Junho,18651588.86
Sul,2016,Junho,6644135.8
Centro-Oeste,2016,Junho,2839813.79
Brasil,2015,Junho,37269714.830000006
Norte,2015,Junho,2693038
Nordeste,2015,Junho,6441764.46
Sudeste,2015,Junho,18752590.64
Sul,2015,Junho,6567886
Centro-Oeste,2015,Junho,2814435.73
Brasil,2014,Junho,37726472.88
Norte,2014,Junho,2643397
Nordeste,2014,Junho,6378157.88
Sudeste,2014,Junho,19293127
Sul,2014,Junho,6627215
Centro-Oeste,2014,Junho,2784576
Brasil,2013,Junho,37627698.010000005
Norte,2013,Junho,2449533.01
Nordeste,2013,Junho,6384530
Sudeste,2013,Junho,19652655
Sul,2013,Junho,6498366
Centro-Oeste,2013,Junho,2642614
Brasil,2012,Junho,36528393.11
Norte,2012,Junho,2382273.83
Nordeste,2012,Junho,6135291
Sudeste,2012,Junho,19343073
Sul,2012,Junho,6180121.28
Centro-Oeste,2012,Junho,2487634
Brasil,2011,Junho,35159573.72
Norte,2011,Junho,2323603.7199999997
Nordeste,2011,Junho,5809043
Sudeste,2011,Junho,18737534
Sul,2011,Junho,6011171
Centro-Oeste,2011,Junho,2278222
Brasil,2010,Junho,34169459
Norte,2010,Junho,2198244
Nordeste,2010,Junho,5905720
Sudeste,2010,Junho,18212704
Sul,2010,Junho,5652619
Centro-Oeste,2010,Junho,2200172
Brasil,2009,Junho,30715169.95
Norte,2009,Junho,1993823
Nordeste,2009,Junho,5122496
Sudeste,2009,Junho,16330119
Sul,2009,Junho,5261043
Centro-Oeste,2009,Junho,2007688.95
Brasil,2008,Junho,31742987.79
Norte,2008,Junho,1980943
Nordeste,2008,Junho,5241034.79
Sudeste,2008,Junho,17180445
Sul,2008,Junho,5368281
Centro-Oeste,2008,Junho,1972284
Brasil,2007,Junho,30766760
Norte,2007,Junho,1899318
Nordeste,2007,Junho,5079581
Sudeste,2007,Junho,16890489
Sul,2007,Junho,5114607
Centro-Oeste,2007,Junho,1782765
Brasil,2006,Junho,29068797.599999994
Norte,2006,Junho,1761920.0300000003
Nordeste,2006,Junho,4769522.06
Sudeste,2006,Junho,15969883.010000002
Sul,2006,Junho,4879785.7700000005
Centro-Oeste,2006,Junho,1687686.7299999997
Brasil,2005,Junho,28326181.920000013
Norte,2005,Junho,1692287.96
Nordeste,2005,Junho,4575214.83
Sudeste,2005,Junho,15633866.989999998
Sul,2005,Junho,4760323.789999999
Centro-Oeste,2005,Junho,1664488.35
Brasil,2004,Junho,27082961.479999997
Norte,2004,Junho,1641381.91
Nordeste,2004,Junho,4409301.739999999
Sudeste,2004,Junho,14898517.41
Sul,2004,Junho,4556563.56
Centro-Oeste,2004,Junho,1577196.8599999999
Brasil,2024,Julho,0
Norte,2024,Julho,0
Nordeste,2024,Julho,0
Sudeste,2024,Julho,0
Sul,2024,Julho,0
Centro-Oeste,2024,Julho,0
Brasil,2023,Julho,42002500.300000004
Norte,2023,Julho,3426421.4
Nordeste,2023,Julho,7463808.490000002
Sudeste,2023,Julho,20135946.169999998
Sul,2023,Julho,7705370.51
Centro-Oeste,2023,Julho,3270953.73
Brasil,2022,Julho,41232572.94999999
Norte,2022,Julho,3254761.24
Nordeste,2022,Julho,7104760.800000002
Sudeste,2022,Julho,19948620.89
Sul,2022,Julho,7629542.6
Centro-Oeste,2022,Julho,3294887.42
Brasil,2021,Julho,40190502.12000002
Norte,2021,Julho,3034193.1399999997
Nordeste,2021,Julho,6994258.229999998
Sudeste,2021,Julho,19528232.239
Sul,2021,Julho,7472283.811
Centro-Oeste,2021,Julho,3161534.7
Brasil,2020,Julho,37874852.129000016
Norte,2020,Julho,2898335.31
Nordeste,2020,Julho,6535254.399999999
Sudeste,2020,Julho,18381116.009999998
Sul,2020,Julho,6979429.558999998
Centro-Oeste,2020,Julho,3080716.8500000006
Brasil,2019,Julho,38353669.269999996
Norte,2019,Julho,2820493.4800000004
Nordeste,2019,Julho,6679904.930000001
Sudeste,2019,Julho,18699587.519999996
Sul,2019,Julho,7081184.789999999
Centro-Oeste,2019,Julho,3072498.55
Brasil,2018,Julho,38515114.91
Norte,2018,Julho,2658452.06
Nordeste,2018,Julho,6527352.22
Sudeste,2018,Julho,19272778.68
Sul,2018,Julho,7049955.93
Centro-Oeste,2018,Julho,3006576.02
Brasil,2017,Julho,37383447.35999999
Norte,2017,Julho,2882108
Nordeste,2017,Julho,6385162.18
Sudeste,2017,Julho,18492331.66
Sul,2017,Julho,6751139.17
Centro-Oeste,2017,Julho,2872706.35
Brasil,2016,Julho,37261270.92
Norte,2016,Julho,2900857
Nordeste,2016,Julho,6469705.8
Sudeste,2016,Julho,18388987.38
Sul,2016,Julho,6665439.9
Centro-Oeste,2016,Julho,2836280.84
Brasil,2015,Julho,36819663.29
Norte,2015,Julho,2833640
Nordeste,2015,Julho,6218709.45
Sudeste,2015,Julho,18532921.47
Sul,2015,Julho,6446540
Centro-Oeste,2015,Julho,2787852.37
Brasil,2014,Julho,37765729
Norte,2014,Julho,2720799
Nordeste,2014,Julho,6554674
Sudeste,2014,Julho,19111350
Sul,2014,Julho,6639960
Centro-Oeste,2014,Julho,2738946
Brasil,2013,Julho,37697945.03
Norte,2013,Julho,2562520.0300000003
Nordeste,2013,Julho,6534919
Sudeste,2013,Julho,19331509
Sul,2013,Julho,6544154
Centro-Oeste,2013,Julho,2724843
Brasil,2012,Julho,35917147.199999996
Norte,2012,Julho,2397647.91
Nordeste,2012,Julho,6111808
Sudeste,2012,Julho,18762191
Sul,2012,Julho,6188904.29
Centro-Oeste,2012,Julho,2456596
Brasil,2011,Julho,35417292.620000005
Norte,2011,Julho,2351515.62
Nordeste,2011,Julho,5936622
Sudeste,2011,Julho,18731628
Sul,2011,Julho,6081811
Centro-Oeste,2011,Julho,2315716
Brasil,2010,Julho,33849349
Norte,2010,Julho,2195788
Nordeste,2010,Julho,5844282
Sudeste,2010,Julho,17936477
Sul,2010,Julho,5706940
Centro-Oeste,2010,Julho,2165862
Brasil,2009,Julho,31324991.23
Norte,2009,Julho,2023693
Nordeste,2009,Julho,5257360
Sudeste,2009,Julho,16655879
Sul,2009,Julho,5315045
Centro-Oeste,2009,Julho,2073014.23
Brasil,2008,Julho,32150352.03
Norte,2008,Julho,1998546
Nordeste,2008,Julho,5334190.03
Sudeste,2008,Julho,17451996
Sul,2008,Julho,5419027
Centro-Oeste,2008,Julho,1946593
Brasil,2007,Julho,30500299
Norte,2007,Julho,1912792
Nordeste,2007,Julho,5131886
Sudeste,2007,Julho,16589542
Sul,2007,Julho,5056898
Centro-Oeste,2007,Julho,1809181
Brasil,2006,Julho,29113809.229999993
Norte,2006,Julho,1812929.25
Nordeste,2006,Julho,4760160.14
Sudeste,2006,Julho,15981706.52
Sul,2006,Julho,4847373.099999999
Centro-Oeste,2006,Julho,1711640.2200000002
Brasil,2005,Julho,28322317.11999999
Norte,2005,Julho,1718917.7799999998
Nordeste,2005,Julho,4643778.48
Sudeste,2005,Julho,15509118.440000001
Sul,2005,Julho,4724562.06
Centro-Oeste,2005,Julho,1725940.36
Brasil,2004,Julho,27346004.67
Norte,2004,Julho,1665002.57
Nordeste,2004,Julho,4376174.119999999
Sudeste,2004,Julho,15094285.46
Sul,2004,Julho,4598792.890000001
Centro-Oeste,2004,Julho,1611749.63
Brasil,2024,Agosto,0
Norte,2024,Agosto,0
Nordeste,2024,Agosto,0
Sudeste,2024,Agosto,0
Sul,2024,Agosto,0
Centro-Oeste,2024,Agosto,0
Brasil,2023,Agosto,43418716.70999998
Norte,2023,Agosto,3601716.97
Nordeste,2023,Agosto,7737155.04
Sudeste,2023,Agosto,20744961.099999994
Sul,2023,Agosto,7787582.83
Centro-Oeste,2023,Agosto,3547300.7700000005
Brasil,2022,Agosto,42120706.90000001
Norte,2022,Agosto,3419567.14
Nordeste,2022,Agosto,7278921.1
Sudeste,2022,Agosto,20376354.57
Sul,2022,Agosto,7645256.150000001
Centro-Oeste,2022,Agosto,3400607.94
Brasil,2021,Agosto,40908016.07
Norte,2021,Agosto,3144877.9499999997
Nordeste,2021,Agosto,7110501.540000001
Sudeste,2021,Agosto,19800843.510999996
Sul,2021,Agosto,7611805.359000001
Centro-Oeste,2021,Agosto,3239987.7099999995
Brasil,2020,Agosto,39250276.900000006
Norte,2020,Agosto,3035360.7499999995
Nordeste,2020,Agosto,6529785.690000002
Sudeste,2020,Agosto,19324707.43
Sul,2020,Agosto,7110002.59
Centro-Oeste,2020,Agosto,3250420.44
Brasil,2019,Agosto,38649212.86899999
Norte,2019,Agosto,2881215.73
Nordeste,2019,Agosto,6552950.599
Sudeste,2019,Agosto,18900144.569999997
Sul,2019,Agosto,7169974.359999999
Centro-Oeste,2019,Agosto,3144927.6100000003
Brasil,2018,Agosto,39056711.430000015
Norte,2018,Agosto,2688993.8099999996
Nordeste,2018,Agosto,6694635.720000001
Sudeste,2018,Agosto,19378187.369999997
Sul,2018,Agosto,7142685.819999998
Centro-Oeste,2018,Agosto,3152208.71
Brasil,2017,Agosto,37867561.849999994
Norte,2017,Agosto,3041036
Nordeste,2017,Agosto,6507476.600000001
Sudeste,2017,Agosto,18499902.09
Sul,2017,Agosto,6880099.3
Centro-Oeste,2017,Agosto,2939047.86
Brasil,2016,Agosto,37698998.25
Norte,2016,Agosto,2932615
Nordeste,2016,Agosto,6524029.2
Sudeste,2016,Agosto,18711601.76
Sul,2016,Agosto,6609796.8
Centro-Oeste,2016,Agosto,2920955.49
Brasil,2015,Agosto,37861860.11000001
Norte,2015,Agosto,2891977.49
Nordeste,2015,Agosto,6337057.3100000005
Sudeste,2015,Agosto,19084994.17
Sul,2015,Agosto,6648543.5
Centro-Oeste,2015,Agosto,2899287.64
Brasil,2014,Agosto,38651774
Norte,2014,Agosto,2759032
Nordeste,2014,Agosto,6652720
Sudeste,2014,Agosto,19438306
Sul,2014,Agosto,6872774
Centro-Oeste,2014,Agosto,2928942
Brasil,2013,Agosto,38613276.260000005
Norte,2013,Agosto,2559396.26
Nordeste,2013,Agosto,6580762
Sudeste,2013,Agosto,19838087
Sul,2013,Agosto,6797218
Centro-Oeste,2013,Agosto,2837813
Brasil,2012,Agosto,37179602.53
Norte,2012,Agosto,2490520.71
Nordeste,2012,Agosto,6323564
Sudeste,2012,Agosto,19393131
Sul,2012,Agosto,6391480.82
Centro-Oeste,2012,Agosto,2580906
Brasil,2011,Agosto,36335812.84
Norte,2011,Agosto,2406842.84
Nordeste,2011,Agosto,6092998
Sudeste,2011,Agosto,19249143
Sul,2011,Agosto,6177576
Centro-Oeste,2011,Agosto,2409253
Brasil,2010,Agosto,34713394.230000004
Norte,2010,Agosto,2228538.23
Nordeste,2010,Agosto,5833193
Sudeste,2010,Agosto,18656632
Sul,2010,Agosto,5755499
Centro-Oeste,2010,Agosto,2239532
Brasil,2009,Agosto,32262205.6
Norte,2009,Agosto,2074891
Nordeste,2009,Agosto,5501276
Sudeste,2009,Agosto,17158443
Sul,2009,Agosto,5392188
Centro-Oeste,2009,Agosto,2135407.6
Brasil,2008,Agosto,33013528.63
Norte,2008,Agosto,2066807
Nordeste,2008,Agosto,5400230.63
Sudeste,2008,Agosto,17983892
Sul,2008,Agosto,5520183
Centro-Oeste,2008,Agosto,2042416
Brasil,2007,Agosto,31181133
Norte,2007,Agosto,1950708
Nordeste,2007,Agosto,5212952
Sudeste,2007,Agosto,16970732
Sul,2007,Agosto,5194645
Centro-Oeste,2007,Agosto,1852096
Brasil,2006,Agosto,29886236.06
Norte,2006,Agosto,1851942.88
Nordeste,2006,Agosto,4939399.63
Sudeste,2006,Agosto,16352069.779999997
Sul,2006,Agosto,4957961.01
Centro-Oeste,2006,Agosto,1784862.7599999998
Brasil,2005,Agosto,28764354.809000008
Norte,2005,Agosto,1725457.3099999998
Nordeste,2005,Agosto,4739650.5600000005
Sudeste,2005,Agosto,15838516.629999995
Sul,2005,Agosto,4743658.99
Centro-Oeste,2005,Agosto,1717071.319
Brasil,2004,Agosto,27656857.789999995
Norte,2004,Agosto,1729895.8900000001
Nordeste,2004,Agosto,4438514.59
Sudeste,2004,Agosto,15189574.869999997
Sul,2004,Agosto,4653182.4399999995
Centro-Oeste,2004,Agosto,1645690
Brasil,2024,Setembro,0
Norte,2024,Setembro,0
Nordeste,2024,Setembro,0
Sudeste,2024,Setembro,0
Sul,2024,Setembro,0
Centro-Oeste,2024,Setembro,0
Brasil,2023,Setembro,44477047.34099999
Norte,2023,Setembro,3689266.9299999997
Nordeste,2023,Setembro,8056889.150000001
Sudeste,2023,Setembro,21190186.369999997
Sul,2023,Setembro,7809609.301
Centro-Oeste,2023,Setembro,3731095.59
Brasil,2022,Setembro,42310335.85999999
Norte,2022,Setembro,3380310.2399999998
Nordeste,2022,Setembro,7422699.759999998
Sudeste,2022,Setembro,20442843.669999998
Sul,2022,Setembro,7536751.849999998
Centro-Oeste,2022,Setembro,3527730.3400000003
Brasil,2021,Setembro,41952552.080000006
Norte,2021,Setembro,3172367.9699999997
Nordeste,2021,Setembro,7190595.92
Sudeste,2021,Setembro,20664259.57
Sul,2021,Setembro,7349094.32
Centro-Oeste,2021,Setembro,3576234.2999999993
Brasil,2020,Setembro,40360042.64899999
Norte,2020,Setembro,3085359.71
Nordeste,2020,Setembro,6830849.029
Sudeste,2020,Setembro,19785077.390000004
Sul,2020,Setembro,7263502.489999999
Centro-Oeste,2020,Setembro,3395254.0299999993
Brasil,2019,Setembro,39269725.02099998
Norte,2019,Setembro,2938025.7600000002
Nordeste,2019,Setembro,6640922.869999999
Sudeste,2019,Setembro,19292022.249999996
Sul,2019,Setembro,7031952.630999999
Centro-Oeste,2019,Setembro,3366801.51
Brasil,2018,Setembro,39046236.540000014
Norte,2018,Setembro,2689092.8200000003
Nordeste,2018,Setembro,6643931.26
Sudeste,2018,Setembro,19599718.169999998
Sul,2018,Setembro,6955336.27
Centro-Oeste,2018,Setembro,3158158.02
Brasil,2017,Setembro,39013960.43
Norte,2017,Setembro,2983201
Nordeste,2017,Setembro,6516904.8100000005
Sudeste,2017,Setembro,19351380.89
Sul,2017,Setembro,6981237.5
Centro-Oeste,2017,Setembro,3181236.23
Brasil,2016,Setembro,38351221.93
Norte,2016,Setembro,2919161
Nordeste,2016,Setembro,6629965.93
Sudeste,2016,Setembro,19239375
Sul,2016,Setembro,6587723.5
Centro-Oeste,2016,Setembro,2974996.5
Brasil,2015,Setembro,37844661.6
Norte,2015,Setembro,2964444
Nordeste,2015,Setembro,6388474.6899999995
Sudeste,2015,Setembro,18919408.01
Sul,2015,Setembro,6494009.35
Centro-Oeste,2015,Setembro,3078325.55
Brasil,2014,Setembro,38894976
Norte,2014,Setembro,2836892
Nordeste,2014,Setembro,6721395
Sudeste,2014,Setembro,19529007
Sul,2014,Setembro,6787415
Centro-Oeste,2014,Setembro,3020267
Brasil,2013,Setembro,38524724.16
Norte,2013,Setembro,2571187.16
Nordeste,2013,Setembro,6536720
Sudeste,2013,Setembro,20027335
Sul,2013,Setembro,6572961
Centro-Oeste,2013,Setembro,2816521
Brasil,2012,Setembro,37661696.120000005
Norte,2012,Setembro,2455692.17
Nordeste,2012,Setembro,6288243
Sudeste,2012,Setembro,19904342
Sul,2012,Setembro,6340228.95
Centro-Oeste,2012,Setembro,2673190
Brasil,2011,Setembro,36965189.34
Norte,2011,Setembro,2419447.34
Nordeste,2011,Setembro,6093026
Sudeste,2011,Setembro,19753623
Sul,2011,Setembro,6133865
Centro-Oeste,2011,Setembro,2565228
Brasil,2010,Setembro,35182271.010000005
Norte,2010,Setembro,2279911.51
Nordeste,2010,Setembro,5896294
Sudeste,2010,Setembro,18980234
Sul,2010,Setembro,5711562.5
Centro-Oeste,2010,Setembro,2314269
Brasil,2009,Setembro,32716665.810000002
Norte,2009,Setembro,2089534
Nordeste,2009,Setembro,5581245
Sudeste,2009,Setembro,17516988.1
Sul,2009,Setembro,5362624
Centro-Oeste,2009,Setembro,2166274.71
Brasil,2008,Setembro,32964086.69
Norte,2008,Setembro,2112487
Nordeste,2008,Setembro,5461713.6899999995
Sudeste,2008,Setembro,17869017
Sul,2008,Setembro,5412749
Centro-Oeste,2008,Setembro,2108120
Brasil,2007,Setembro,31735736
Norte,2007,Setembro,1964607
Nordeste,2007,Setembro,5148024
Sudeste,2007,Setembro,17585510
Sul,2007,Setembro,5157841
Centro-Oeste,2007,Setembro,1879754
Brasil,2006,Setembro,29916630.53900001
Norte,2006,Setembro,1886314.46
Nordeste,2006,Setembro,4950953.07
Sudeste,2006,Setembro,16434266.179999998
Sul,2006,Setembro,4841502.43
Centro-Oeste,2006,Setembro,1803594.3990000002
Brasil,2005,Setembro,29335128.080000013
Norte,2005,Setembro,1752160.7999999998
Nordeste,2005,Setembro,4763780.850000001
Sudeste,2005,Setembro,16391988.83
Sul,2005,Setembro,4654131.24
Centro-Oeste,2005,Setembro,1773066.36
Brasil,2004,Setembro,28232451.24000001
Norte,2004,Setembro,1687156.54
Nordeste,2004,Setembro,4570030.34
Sudeste,2004,Setembro,15593685.74
Sul,2004,Setembro,4654411.58
Centro-Oeste,2004,Setembro,1727167.04
Brasil,2024,Outubro,0
Norte,2024,Outubro,0
Nordeste,2024,Outubro,0
Sudeste,2024,Outubro,0
Sul,2024,Outubro,0
Centro-Oeste,2024,Outubro,0
Brasil,2023,Outubro,46048083.978999995
Norte,2023,Outubro,3713736.709
Nordeste,2023,Outubro,8202189.740000001
Sudeste,2023,Outubro,22135334.860000003
Sul,2023,Outubro,8042208.960000001
Centro-Oeste,2023,Outubro,3954613.7100000004
Brasil,2022,Outubro,42519057.32899998
Norte,2022,Outubro,3421209.949
Nordeste,2022,Outubro,7644764.739999999
Sudeste,2022,Outubro,20496294.56
Sul,2022,Outubro,7417894.200000001
Centro-Oeste,2022,Outubro,3538893.88
Brasil,2021,Outubro,42596650.58099999
Norte,2021,Outubro,3201778.23
Nordeste,2021,Outubro,7540206.289999999
Sudeste,2021,Outubro,20795883.880000003
Sul,2021,Outubro,7447105.851000001
Centro-Oeste,2021,Outubro,3611676.33
Brasil,2020,Outubro,42931283.500999995
Norte,2020,Outubro,3160122.36
Nordeste,2020,Outubro,7372795.72
Sudeste,2020,Outubro,21224406.630000003
Sul,2020,Outubro,7519420.3100000005
Centro-Oeste,2020,Outubro,3654538.481
Brasil,2019,Outubro,41075150.13000002
Norte,2019,Outubro,2965330.92
Nordeste,2019,Outubro,7145735.429999999
Sudeste,2019,Outubro,20170884.3
Sul,2019,Outubro,7346734.09
Centro-Oeste,2019,Outubro,3446465.3899999997
Brasil,2018,Outubro,40402554.07000001
Norte,2018,Outubro,2829919.4099999997
Nordeste,2018,Outubro,7060110.7299999995
Sudeste,2018,Outubro,20110168.82
Sul,2018,Outubro,7087909.8100000005
Centro-Oeste,2018,Outubro,3314445.3
Brasil,2017,Outubro,39351761.02
Norte,2017,Outubro,3056787
Nordeste,2017,Outubro,6876942.4799999995
Sudeste,2017,Outubro,19442583.31
Sul,2017,Outubro,6878050.1
Centro-Oeste,2017,Outubro,3097398.13
Brasil,2016,Outubro,38204182.24
Norte,2016,Outubro,2946530
Nordeste,2016,Outubro,6687638.0200000005
Sudeste,2016,Outubro,19147567.9
Sul,2016,Outubro,6452385.1899999995
Centro-Oeste,2016,Outubro,2970061.13
Brasil,2015,Outubro,39282717.57000001
Norte,2015,Outubro,3050012
Nordeste,2015,Outubro,6640647.739999999
Sudeste,2015,Outubro,19814545.94
Sul,2015,Outubro,6561338.84
Centro-Oeste,2015,Outubro,3216173.05
Brasil,2014,Outubro,40100440.59
Norte,2014,Outubro,2825876
Nordeste,2014,Outubro,6929490.59
Sudeste,2014,Outubro,20304956
Sul,2014,Outubro,6922704
Centro-Oeste,2014,Outubro,3117414
Brasil,2013,Outubro,39389004.379999995
Norte,2013,Outubro,2720586.38
Nordeste,2013,Outubro,6832552
Sudeste,2013,Outubro,20325563
Sul,2013,Outubro,6654874
Centro-Oeste,2013,Outubro,2855429
Brasil,2012,Outubro,37796014.07
Norte,2012,Outubro,2505782.4
Nordeste,2012,Outubro,6427697
Sudeste,2012,Outubro,19837975
Sul,2012,Outubro,6251817.67
Centro-Oeste,2012,Outubro,2772742
Brasil,2011,Outubro,36743770.379999995
Norte,2011,Outubro,2476119.38
Nordeste,2011,Outubro,6216199
Sudeste,2011,Outubro,19385128
Sul,2011,Outubro,6118714
Centro-Oeste,2011,Outubro,2547610
Brasil,2010,Outubro,35188924.99
Norte,2010,Outubro,2325697.5300000003
Nordeste,2010,Outubro,6123244
Sudeste,2010,Outubro,18818098
Sul,2010,Outubro,5628306.46
Centro-Oeste,2010,Outubro,2293579
Brasil,2009,Outubro,33419533.139999997
Norte,2009,Outubro,2135822
Nordeste,2009,Outubro,5779775
Sudeste,2009,Outubro,17858520
Sul,2009,Outubro,5440950
Centro-Oeste,2009,Outubro,2204466.14
Brasil,2008,Outubro,33673777.379999995
Norte,2008,Outubro,2151182
Nordeste,2008,Outubro,5685044.38
Sudeste,2008,Outubro,18231987
Sul,2008,Outubro,5481462
Centro-Oeste,2008,Outubro,2124102
Brasil,2007,Outubro,32135735
Norte,2007,Outubro,2006525
Nordeste,2007,Outubro,5440994
Sudeste,2007,Outubro,17488650
Sul,2007,Outubro,5240394
Centro-Oeste,2007,Outubro,1959172
Brasil,2006,Outubro,30143525.320000004
Norte,2006,Outubro,1899959.4099999997
Nordeste,2006,Outubro,5141500.93
Sudeste,2006,Outubro,16453397.740000002
Sul,2006,Outubro,4852384.500000001
Centro-Oeste,2006,Outubro,1796282.74
Brasil,2005,Outubro,29145312.05000001
Norte,2005,Outubro,1796178.4100000001
Nordeste,2005,Outubro,4849539.18
Sudeste,2005,Outubro,16074848.55
Sul,2005,Outubro,4668762.35
Centro-Oeste,2005,Outubro,1755983.56
Brasil,2004,Outubro,28556120.939999994
Norte,2004,Outubro,1724166.75
Nordeste,2004,Outubro,4657880.989999999
Sudeste,2004,Outubro,15839877.16
Sul,2004,Outubro,4590697.5
Centro-Oeste,2004,Outubro,1743498.5400000003
Brasil,2024,Novembro,0
Norte,2024,Novembro,0
Nordeste,2024,Novembro,0
Sudeste,2024,Novembro,0
Sul,2024,Novembro,0
Centro-Oeste,2024,Novembro,0
Brasil,2023,Novembro,46669820.080000006
Norte,2023,Novembro,3628490.86
Nordeste,2023,Novembro,8478291.370000001
Sudeste,2023,Novembro,22489273.85
Sul,2023,Novembro,8039109.220000001
Centro-Oeste,2023,Novembro,4034654.7800000003
Brasil,2022,Novembro,42753582.83000002
Norte,2022,Novembro,3344483.65
Nordeste,2022,Novembro,7770458.349999999
Sudeste,2022,Novembro,20581355.78
Sul,2022,Novembro,7584501.74
Centro-Oeste,2022,Novembro,3472783.31
Brasil,2021,Novembro,41869275.91099998
Norte,2021,Novembro,3161072.7900000005
Nordeste,2021,Novembro,7484406.33
Sudeste,2021,Novembro,20237020.560000002
Sul,2021,Novembro,7611454.381000002
Centro-Oeste,2021,Novembro,3375321.8500000006
Brasil,2020,Novembro,41438765.789900005
Norte,2020,Novembro,3007704.05
Nordeste,2020,Novembro,7017888.79
Sudeste,2020,Novembro,20377363.41
Sul,2020,Novembro,7616849.5099
Centro-Oeste,2020,Novembro,3418960.0300000003
Brasil,2019,Novembro,41779611.56000002
Norte,2019,Novembro,2925431.8
Nordeste,2019,Novembro,7310777.679999999
Sudeste,2019,Novembro,20623038.89
Sul,2019,Novembro,7520829.950000001
Centro-Oeste,2019,Novembro,3399533.24
Brasil,2018,Novembro,40414059.50100003
Norte,2018,Novembro,2723638.17
Nordeste,2018,Novembro,7190633.200000001
Sudeste,2018,Novembro,20154428.67
Sul,2018,Novembro,7173508.069999999
Centro-Oeste,2018,Novembro,3171851.3910000003
Brasil,2017,Novembro,39833033.26
Norte,2017,Novembro,2965901
Nordeste,2017,Novembro,6911593.180000001
Sudeste,2017,Novembro,19915401.05
Sul,2017,Novembro,6932667.6
Centro-Oeste,2017,Novembro,3107470.43
Brasil,2016,Novembro,38759185.059999995
Norte,2016,Novembro,2952602
Nordeste,2016,Novembro,6824573.899999999
Sudeste,2016,Novembro,19361478.46
Sul,2016,Novembro,6690297.96
Centro-Oeste,2016,Novembro,2930232.74
Brasil,2015,Novembro,39230586.370000005
Norte,2015,Novembro,2958108
Nordeste,2015,Novembro,6660436.850000001
Sudeste,2015,Novembro,19836832.099999998
Sul,2015,Novembro,6636695.54
Centro-Oeste,2015,Novembro,3138513.88
Brasil,2014,Novembro,40950726.39
Norte,2014,Novembro,2762256
Nordeste,2014,Novembro,6919617.39
Sudeste,2014,Novembro,20968110
Sul,2014,Novembro,7264836
Centro-Oeste,2014,Novembro,3035907
Brasil,2013,Novembro,39920289.54
Norte,2013,Novembro,2641605.54
Nordeste,2013,Novembro,6759701
Sudeste,2013,Novembro,20765973
Sul,2013,Novembro,6849526
Centro-Oeste,2013,Novembro,2903484
Brasil,2012,Novembro,38643584.230000004
Norte,2012,Novembro,2484061.67
Nordeste,2012,Novembro,6421108
Sudeste,2012,Novembro,20485581
Sul,2012,Novembro,6543891.56
Centro-Oeste,2012,Novembro,2708942
Brasil,2011,Novembro,36368389.769999996
Norte,2011,Novembro,2369153.77
Nordeste,2011,Novembro,6137780
Sudeste,2011,Novembro,19378704
Sul,2011,Novembro,6045746
Centro-Oeste,2011,Novembro,2437006
Brasil,2010,Novembro,35077981.26
Norte,2010,Novembro,2262056.57
Nordeste,2010,Novembro,6136436
Sudeste,2010,Novembro,18709507
Sul,2010,Novembro,5758555.6899999995
Centro-Oeste,2010,Novembro,2211426
Brasil,2009,Novembro,33616820.2
Norte,2009,Novembro,2132369
Nordeste,2009,Novembro,5705872
Sudeste,2009,Novembro,18058927.4
Sul,2009,Novembro,5591816
Centro-Oeste,2009,Novembro,2127835.8000000003
Brasil,2008,Novembro,33410166.509999998
Norte,2008,Novembro,2081744
Nordeste,2008,Novembro,5585548.51
Sudeste,2008,Novembro,18164111
Sul,2008,Novembro,5441085
Centro-Oeste,2008,Novembro,2137678
Brasil,2007,Novembro,32654491
Norte,2007,Novembro,1995582
Nordeste,2007,Novembro,5502715
Sudeste,2007,Novembro,17983265
Sul,2007,Novembro,5294910
Centro-Oeste,2007,Novembro,1878019
Brasil,2006,Novembro,30531121.359999992
Norte,2006,Novembro,1871573.6099999999
Nordeste,2006,Novembro,5132731.459999999
Sudeste,2006,Novembro,16722623.48
Sul,2006,Novembro,5043949.260000001
Centro-Oeste,2006,Novembro,1760243.55
Brasil,2005,Novembro,29287617.219999995
Norte,2005,Novembro,1787686.7399999998
Nordeste,2005,Novembro,4919391.14
Sudeste,2005,Novembro,16089442.920000002
Sul,2005,Novembro,4748342.43
Centro-Oeste,2005,Novembro,1742753.99
Brasil,2004,Novembro,28367124.049999993
Norte,2004,Novembro,1719638.46
Nordeste,2004,Novembro,4708464.83
Sudeste,2004,Novembro,15804794.180000002
Sul,2004,Novembro,4529419.23
Centro-Oeste,2004,Novembro,1604807.35
Brasil,2024,Dezembro,0
Norte,2024,Dezembro,0
Nordeste,2024,Dezembro,0
Sudeste,2024,Dezembro,0
Sul,2024,Dezembro,0
Centro-Oeste,2024,Dezembro,0
Brasil,2023,Dezembro,47213726.92999998
Norte,2023,Dezembro,3554574.22
Nordeste,2023,Dezembro,8484311.56
Sudeste,2023,Dezembro,22841022.75
Sul,2023,Dezembro,8365523.170000001
Centro-Oeste,2023,Dezembro,3968295.23
Brasil,2022,Dezembro,43230081.04000003
Norte,2022,Dezembro,3309421.01
Nordeste,2022,Dezembro,7692127.15
Sudeste,2022,Dezembro,20763406.39
Sul,2022,Dezembro,8011390.739999999
Centro-Oeste,2022,Dezembro,3453735.75
Brasil,2021,Dezembro,42915950.780000016
Norte,2021,Dezembro,3159175.4000000004
Nordeste,2021,Dezembro,7714747.950000001
Sudeste,2021,Dezembro,20723919.669999998
Sul,2021,Dezembro,7896308.779999999
Centro-Oeste,2021,Dezembro,3421798.9800000004
Brasil,2020,Dezembro,42169432.53
Norte,2020,Dezembro,2991751.6900000004
Nordeste,2020,Dezembro,7113710.300000001
Sudeste,2020,Dezembro,20807480.840000004
Sul,2020,Dezembro,7842892.709999998
Centro-Oeste,2020,Dezembro,3413596.9899999998
Brasil,2019,Dezembro,40810007.45000001
Norte,2019,Dezembro,2994752.71
Nordeste,2019,Dezembro,7544853.460000002
Sudeste,2019,Dezembro,19593151.18
Sul,2019,Dezembro,7467002.399999999
Centro-Oeste,2019,Dezembro,3210247.7
Brasil,2018,Dezembro,40033442.06999999
Norte,2018,Dezembro,2585260.22
Nordeste,2018,Dezembro,7007459.289999999
Sudeste,2018,Dezembro,20021514.689999998
Sul,2018,Dezembro,7276982.62
Centro-Oeste,2018,Dezembro,3142225.25
Brasil,2017,Dezembro,39610218.910000004
Norte,2017,Dezembro,2915303
Nordeste,2017,Dezembro,6909062.04
Sudeste,2017,Dezembro,19748006.099999998
Sul,2017,Dezembro,7128627.7
Centro-Oeste,2017,Dezembro,2909220.07
Brasil,2016,Dezembro,38782644.980000004
Norte,2016,Dezembro,2896559
Nordeste,2016,Dezembro,6866218.529999999
Sudeste,2016,Dezembro,19268368.88
Sul,2016,Dezembro,6944869.4
Centro-Oeste,2016,Dezembro,2806629.17
Brasil,2015,Dezembro,38676460.36000001
Norte,2015,Dezembro,2962634
Nordeste,2015,Dezembro,6799124.31
Sudeste,2015,Dezembro,19359381.939999998
Sul,2015,Dezembro,6604791.22
Centro-Oeste,2015,Dezembro,2950528.89
Brasil,2014,Dezembro,39838307.03
Norte,2014,Dezembro,2816133
Nordeste,2014,Dezembro,6859202.03
Sudeste,2014,Dezembro,20098588
Sul,2014,Dezembro,7266585
Centro-Oeste,2014,Dezembro,2797799
Brasil,2013,Dezembro,39556378.239999995
Norte,2013,Dezembro,2738735.24
Nordeste,2013,Dezembro,6733760
Sudeste,2013,Dezembro,20381824
Sul,2013,Dezembro,6885986
Centro-Oeste,2013,Dezembro,2816073
Brasil,2012,Dezembro,37765084.440000005
Norte,2012,Dezembro,2410373.0300000003
Nordeste,2012,Dezembro,6478746
Sudeste,2012,Dezembro,19506176
Sul,2012,Dezembro,6725279.41
Centro-Oeste,2012,Dezembro,2644510
Brasil,2011,Dezembro,36741948.78
Norte,2011,Dezembro,2415931.7800000003
Nordeste,2011,Dezembro,6244198
Sudeste,2011,Dezembro,19297800
Sul,2011,Dezembro,6344201
Centro-Oeste,2011,Dezembro,2439818
Brasil,2010,Dezembro,35956439.4
Norte,2010,Dezembro,2260545.71
Nordeste,2010,Dezembro,6165765
Sudeste,2010,Dezembro,19306259
Sul,2010,Dezembro,6029230.6899999995
Centro-Oeste,2010,Dezembro,2194639
Brasil,2009,Dezembro,34123194.7
Norte,2009,Dezembro,2121716
Nordeste,2009,Dezembro,5968068
Sudeste,2009,Dezembro,18201962.2
Sul,2009,Dezembro,5739383
Centro-Oeste,2009,Dezembro,2092065.5
Brasil,2008,Dezembro,31559278.490000002
Norte,2008,Dezembro,2032318
Nordeste,2008,Dezembro,5535839.49
Sudeste,2008,Dezembro,16659849
Sul,2008,Dezembro,5366031
Centro-Oeste,2008,Dezembro,1965241
Brasil,2007,Dezembro,32304926
Norte,2007,Dezembro,1991017
Nordeste,2007,Dezembro,5546780
Sudeste,2007,Dezembro,17621312
Sul,2007,Dezembro,5333163
Centro-Oeste,2007,Dezembro,1812654
Brasil,2006,Dezembro,30493979.03000001
Norte,2006,Dezembro,1864369.94
Nordeste,2006,Dezembro,5122709.51
Sudeste,2006,Dezembro,16689648.170000004
Sul,2006,Dezembro,5074875.269999999
Centro-Oeste,2006,Dezembro,1742376.14
Brasil,2005,Dezembro,29505146.070000004
Norte,2005,Dezembro,1774268.42
Nordeste,2005,Dezembro,5005463.899999999
Sudeste,2005,Dezembro,16116894.270000001
Sul,2005,Dezembro,4948742.880000002
Centro-Oeste,2005,Dezembro,1659776.5999999999
Brasil,2004,Dezembro,28562106.43
Norte,2004,Dezembro,1740620.86
Nordeste,2004,Dezembro,4770509.72
Sudeste,2004,Dezembro,15750647.949999997
Sul,2004,Dezembro,4665214.36
Centro-Oeste,2004,Dezembro,1635113.54
