Region,Year,Month,Energy
Brasil,2024,January,46835420.17100002
Norte,2024,January,3469530.5599999996
Nordeste,2024,January,8401502.120000001
Sudeste,2024,January,22368249.72
Sul,2024,January,8896396.660999998
Centro-Oeste,2024,January,3699741.11
Brasil,2023,January,42545451.4
Norte,2023,January,3179448.75
Nordeste,2023,January,7661411.17
Sudeste,2023,January,20159474.99
Sul,2023,January,8304697.21
Centro-Oeste,2023,January,3240419.28
Brasil,2022,January,42532862.36000001
Norte,2022,January,3033707.57
Nordeste,2022,January,7269935.419999999
Sudeste,2022,January,20474247.440000005
Sul,2022,January,8500828.26
Centro-Oeste,2022,January,3254143.6700000004
Brasil,2021,January,43093327.86000001
Norte,2021,January,2873240.7700000005
Nordeste,2021,January,7419802.7
Sudeste,2021,January,21497694.92
Sul,2021,January,8117258.05
Centro-Oeste,2021,January,3185331.42
Brasil,2020,January,41337389.0101
Norte,2020,January,2894525.5599999996
Nordeste,2020,January,7130559.42
Sudeste,2020,January,20157502.180000003
Sul,2020,January,7980474.770099999
Centro-Oeste,2020,January,3174327.08
Brasil,2019,January,41654959.989999995
Norte,2019,January,2563184.13
Nordeste,2019,January,6973292.250000001
Sudeste,2019,January,20965937.5
Sul,2019,January,8000635.0600000005
Centro-Oeste,2019,January,3151911.05
Brasil,2018,January,40058305.8
Norte,2018,January,2812897.8600000003
Nordeste,2018,January,6718801.139999999
Sudeste,2018,January,20078364.460000005
Sul,2018,January,7526624.319999999
Centro-Oeste,2018,January,2921618.02
Brasil,2017,January,39358019.58
Norte,2017,January,2766063
Nordeste,2017,January,6697103.29
Sudeste,2017,January,19686157.259999998
Sul,2017,January,7307446.3
Centro-Oeste,2017,January,2901249.73
Brasil,2016,January,38408542.10000001
Norte,2016,January,2734717
Nordeste,2016,January,6542214.100000001
Sudeste,2016,January,19314000.68
Sul,2016,January,6978391.33
Centro-Oeste,2016,January,2839218.99
Brasil,2015,January,40760683.53
Norte,2015,January,2720657.89
Nordeste,2015,January,6908173.279999999
Sudeste,2015,January,20943263.25
Sul,2015,January,7330738.32
Centro-Oeste,2015,January,2857850.79
Brasil,2014,January,40279759
Norte,2014,January,2600972
Nordeste,2014,January,6886428
Sudeste,2014,January,20704340
Sul,2014,January,7333087
Centro-Oeste,2014,January,2754932
Brasil,2013,January,38366809.739999995
Norte,2013,January,2392452.74
Nordeste,2013,January,6659728
Sudeste,2013,January,20089886
Sul,2013,January,6617103
Centro-Oeste,2013,January,2607640
Brasil,2012,January,36305167.29000001
Norte,2012,January,2368905.09
Nordeste,2012,January,6297828
Sudeste,2012,January,18915418
Sul,2012,January,6353277.2
Centro-Oeste,2012,January,2369739
Brasil,2011,January,35873744.260000005
Norte,2011,January,2215755.26
Nordeste,2011,January,5988600
Sudeste,2011,January,19247694
Sul,2011,January,6285133
Centro-Oeste,2011,January,2136562
Brasil,2010,January,33360460.71
Norte,2010,January,2065344.75
Nordeste,2010,January,5739946.35
Sudeste,2010,January,17684138.3
Sul,2010,January,5798706.31
Centro-Oeste,2010,January,2072325
Brasil,2009,January,30666661.8
Norte,2009,January,1981913
Nordeste,2009,January,5340331
Sudeste,2009,January,16124348
Sul,2009,January,5279472
Centro-Oeste,2009,January,1940597.8
Brasil,2008,January,31855946.27
Norte,2008,January,1890320
Nordeste,2008,January,5505389.27
Sudeste,2008,January,17157633
Sul,2008,January,5491078
Centro-Oeste,2008,January,1811526
Brasil,2007,January,30699704
Norte,2007,January,1833708
Nordeste,2007,January,5184828
Sudeste,2007,January,16699870
Sul,2007,January,5203429
Centro-Oeste,2007,January,1777869
Brasil,2006,January,28880910.62
Norte,2006,January,1727931.86
Nordeste,2006,January,4913181.87
Sudeste,2006,January,15695620.21
Sul,2006,January,4927599.7700000005
Centro-Oeste,2006,January,1616576.9100000001
Brasil,2005,January,28375437.441
Norte,2005,January,1687538.58
Nordeste,2005,January,4775175.930000001
Sudeste,2005,January,15518488.33
Sul,2005,January,4809416.19
Centro-Oeste,2005,January,1584818.411
Brasil,2004,January,26978358.020000007
Norte,2004,January,1574434.3399999999
Nordeste,2004,January,4457112.38
Sudeste,2004,January,14929524.399999999
Sul,2004,January,4510113.04
Centro-Oeste,2004,January,1507173.8599999999
Brasil,2024,February,46309139.48109998
Norte,2024,February,3313458.3299999996
Nordeste,2024,February,8159710.76
Sudeste,2024,February,22055645.830000002
Sul,2024,February,9152087.220099999
Centro-Oeste,2024,February,3628237.340999999
Brasil,2023,February,43021196.351100005
Norte,2023,February,2962051
Nordeste,2023,February,7494725.11
Sudeste,2023,February,20704477.071000006
Sul,2023,February,8623366.1601
Centro-Oeste,2023,February,3236577.0100000002
Brasil,2022,February,41848960.54
Norte,2022,February,2774942.82
Nordeste,2022,February,6998206.28
Sudeste,2022,February,20326411.77
Sul,2022,February,8547847.719999999
Centro-Oeste,2022,February,3201551.9499999997
Brasil,2021,February,41507062.78999999
Norte,2021,February,2756767.0200000005
Nordeste,2021,February,7043660.910000001
Sudeste,2021,February,20562262.520000003
Sul,2021,February,7972092.380000002
Centro-Oeste,2021,February,3172279.9600000004
Brasil,2020,February,40969701.86999999
Norte,2020,February,2836046.67
Nordeste,2020,February,6813766.969999999
Sudeste,2020,February,19994440.4
Sul,2020,February,8120195.39
Centro-Oeste,2020,February,3205252.4399999995
Brasil,2019,February,41170919.40999998
Norte,2019,February,2421378.87
Nordeste,2019,February,6827893.670000001
Sudeste,2019,February,20584521.409999996
Sul,2019,February,8131096.279999998
Centro-Oeste,2019,February,3206029.1799999997
Brasil,2018,February,39174100.749999985
Norte,2018,February,2650538.7600000002
Nordeste,2018,February,6357334.14
Sudeste,2018,February,19689599.590000004
Sul,2018,February,7571526.529999999
Centro-Oeste,2018,February,2905101.7300000004
Brasil,2017,February,38847236.49
Norte,2017,February,2556160
Nordeste,2017,February,6348751.7700000005
Sudeste,2017,February,19583907.14
Sul,2017,February,7520745.57
Centro-Oeste,2017,February,2837672.01
Brasil,2016,February,38733769.57
Norte,2016,February,2708798.6
Nordeste,2016,February,6284269.91
Sudeste,2016,February,19495060.04
Sul,2016,February,7406977.5200000005
Centro-Oeste,2016,February,2838663.5
Brasil,2015,February,40723219.36
Norte,2015,February,2565453
Nordeste,2015,February,6693234.81
Sudeste,2015,February,20869826.87
Sul,2015,February,7665269.3
Centro-Oeste,2015,February,2929435.38
Brasil,2014,February,41653487
Norte,2014,February,2476973
Nordeste,2014,February,6620899
Sudeste,2014,February,21763013
Sul,2014,February,8019594
Centro-Oeste,2014,February,2773008
Brasil,2013,February,38001415.72
Norte,2013,February,2266205.7199999997
Nordeste,2013,February,6452494
Sudeste,2013,February,19775484
Sul,2013,February,6948499
Centro-Oeste,2013,February,2558733
Brasil,2012,February,36888068.019999996
Norte,2012,February,2321771.54
Nordeste,2012,February,6010436
Sudeste,2012,February,19327465
Sul,2012,February,6812782.48
Centro-Oeste,2012,February,2415613
Brasil,2011,February,35444916.66
Norte,2011,February,2063281.6600000001
Nordeste,2011,February,5502639
Sudeste,2011,February,19218269
Sul,2011,February,6504407
Centro-Oeste,2011,February,2156320
Brasil,2010,February,33729757.75
Norte,2010,February,1976809.75
Nordeste,2010,February,5589432
Sudeste,2010,February,18113423
Sul,2010,February,5979347
Centro-Oeste,2010,February,2070746
Brasil,2009,February,30495142.71
Norte,2009,February,1804162
Nordeste,2009,February,5098685
Sudeste,2009,February,16190533
Sul,2009,February,5465140
Centro-Oeste,2009,February,1936622.71
Brasil,2008,February,31730940.65
Norte,2008,February,1836296
Nordeste,2008,February,5284769.65
Sudeste,2008,February,17088727
Sul,2008,February,5689547
Centro-Oeste,2008,February,1831601
Brasil,2007,February,30324669
Norte,2007,February,1752986
Nordeste,2007,February,4883152
Sudeste,2007,February,16615359
Sul,2007,February,5351937
Centro-Oeste,2007,February,1721235
Brasil,2006,February,29383486.499999993
Norte,2006,February,1646351.9
Nordeste,2006,February,4704041.08
Sudeste,2006,February,16178817.62
Sul,2006,February,5187222.33
Centro-Oeste,2006,February,1667053.57
Brasil,2005,February,27838480.970000003
Norte,2005,February,1619124.37
Nordeste,2005,February,4526038.109999999
Sudeste,2005,February,15157054.859999998
Sul,2005,February,4966585.859999999
Centro-Oeste,2005,February,1569677.7699999998
Brasil,2004,February,26508170.77
Norte,2004,February,1507448.5899999999
Nordeste,2004,February,4139767.9999999995
Sudeste,2004,February,14714713.51
Sul,2004,February,4690227.859999999
Centro-Oeste,2004,February,1456012.8099999998
Brasil,2024,March,47827070.53890002
Norte,2024,March,3466495.4699999997
Nordeste,2024,March,8208486.8100000005
Sudeste,2024,March,23022452.700000007
Sul,2024,March,9355275.2189
Centro-Oeste,2024,March,3774360.34
Brasil,2023,March,45714391.09099998
Norte,2023,March,3327716.43
Nordeste,2023,March,7914538.819999999
Sudeste,2023,March,22083389.151
Sul,2023,March,8953570.25
Centro-Oeste,2023,March,3435176.440000001
Brasil,2022,March,44674065.28000001
Norte,2022,March,3003595.52
Nordeste,2022,March,7459576.670000001
Sudeste,2022,March,22069843.080000006
Sul,2022,March,8768559.93
Centro-Oeste,2022,March,3372490.08
Brasil,2021,March,43661452.061
Norte,2021,March,2891450.83
Nordeste,2021,March,7244997.409999999
Sudeste,2021,March,21988991.290999994
Sul,2021,March,8257890.369999999
Centro-Oeste,2021,March,3278122.1599999997
Brasil,2020,March,41146409.01900001
Norte,2020,March,2815284.1799999997
Nordeste,2020,March,6937722.5
Sudeste,2020,March,20221091.040000003
Sul,2020,March,7950412.569
Centro-Oeste,2020,March,3221898.73
Brasil,2019,March,41155262.42000001
Norte,2019,March,2600590.65
Nordeste,2019,March,7056848.88
Sudeste,2019,March,20626329.709999993
Sul,2019,March,7767428.41
Centro-Oeste,2019,March,3104064.77
Brasil,2018,March,41112932.61999999
Norte,2018,March,2868573.59
Nordeste,2018,March,6587721.199999999
Sudeste,2018,March,20852952.930000003
Sul,2018,March,7771959.059999999
Centro-Oeste,2018,March,3031725.84
Brasil,2017,March,40552671.160000004
Norte,2017,March,2795464
Nordeste,2017,March,6796094.529999999
Sudeste,2017,March,20172690.959999997
Sul,2017,March,7845156.26
Centro-Oeste,2017,March,2943265.41
Brasil,2016,March,39451889.24
Norte,2016,March,2863718
Nordeste,2016,March,6799183.5
Sudeste,2016,March,19611353.62
Sul,2016,March,7259987.59
Centro-Oeste,2016,March,2917646.53
Brasil,2015,March,39765521.39
Norte,2015,March,2709350
Nordeste,2015,March,6848289.03
Sudeste,2015,March,20150053.41
Sul,2015,March,7278854
Centro-Oeste,2015,March,2778974.95
Brasil,2014,March,40315392
Norte,2014,March,2612667
Nordeste,2014,March,6857552
Sudeste,2014,March,20786600
Sul,2014,March,7281924
Centro-Oeste,2014,March,2776649
Brasil,2013,March,38442191.55
Norte,2013,March,2378191.55
Nordeste,2013,March,6705944
Sudeste,2013,March,19907218
Sul,2013,March,6833953
Centro-Oeste,2013,March,2616885
Brasil,2012,March,38635573.72
Norte,2012,March,2439658.4299999997
Nordeste,2012,March,6407753
Sudeste,2012,March,20243305
Sul,2012,March,7026116.29
Centro-Oeste,2012,March,2518741
Brasil,2011,March,36350690.05
Norte,2011,March,2235928.05
Nordeste,2011,March,6026836
Sudeste,2011,March,19390849
Sul,2011,March,6435946
Centro-Oeste,2011,March,2261131
Brasil,2010,March,35116881.82
Norte,2010,March,2107322.82
Nordeste,2010,March,6118961
Sudeste,2010,March,18521916
Sul,2010,March,6199985
Centro-Oeste,2010,March,2168697
Brasil,2009,March,31977749.51
Norte,2009,March,1882490
Nordeste,2009,March,5391003
Sudeste,2009,March,16931565
Sul,2009,March,5742612
Centro-Oeste,2009,March,2030079.51
Brasil,2008,March,32118714.86
Norte,2008,March,1900506
Nordeste,2008,March,5365905.86
Sudeste,2008,March,17293931
Sul,2008,March,5723834
Centro-Oeste,2008,March,1834538
Brasil,2007,March,31312900
Norte,2007,March,1820537
Nordeste,2007,March,4985447
Sudeste,2007,March,17288542
Sul,2007,March,5424059
Centro-Oeste,2007,March,1794315
Brasil,2006,March,29897827.73
Norte,2006,March,1741059.95
Nordeste,2006,March,4976021.879999999
Sudeste,2006,March,16273216.75
Sul,2006,March,5211509.389999999
Centro-Oeste,2006,March,1696019.7600000002
Brasil,2005,March,28598631.508999996
Norte,2005,March,1669597.5300000003
Nordeste,2005,March,4692201.49
Sudeste,2005,March,15516647.869999997
Sul,2005,March,5069873.21
Centro-Oeste,2005,March,1650311.409
Brasil,2004,March,27284329.409999996
Norte,2004,March,1574176.6900000002
Nordeste,2004,March,4372743.11
Sudeste,2004,March,14903795.679999998
Sul,2004,March,4898770.4
Centro-Oeste,2004,March,1534843.53
Brasil,2024,April,47337699.25999999
Norte,2024,April,3455924.38
Nordeste,2024,April,8354166.96
Sudeste,2024,April,22685707.968999997
Sul,2024,April,9077472.571
Centro-Oeste,2024,April,3764427.380000001
Brasil,2023,April,44884947.12999998
Norte,2023,April,3213742.59
Nordeste,2023,April,7809121.700000001
Sudeste,2023,April,21706203.680000003
Sul,2023,April,8645236.81
Centro-Oeste,2023,April,3510642.349999999
Brasil,2022,April,43210840.669999994
Norte,2022,April,2935305.7800000003
Nordeste,2022,April,7240387.709999999
Sudeste,2022,April,21718099.509999998
Sul,2022,April,7909914.340000001
Centro-Oeste,2022,April,3407133.33
Brasil,2021,April,42657441.68000001
Norte,2021,April,2986817.7800000003
Nordeste,2021,April,7205497.630000001
Sudeste,2021,April,21061906.689999998
Sul,2021,April,8114934.320000001
Centro-Oeste,2021,April,3288285.26
Brasil,2020,April,37272076.859999985
Norte,2020,April,2629850.4
Nordeste,2020,April,6370728.71
Sudeste,2020,April,18064679.860000003
Sul,2020,April,7081306.47
Centro-Oeste,2020,April,3125511.42
Brasil,2019,April,39731356.75999998
Norte,2019,April,2568934.2800000003
Nordeste,2019,April,6780238.95
Sudeste,2019,April,19827659.31
Sul,2019,April,7470885.5
Centro-Oeste,2019,April,3083638.7199999997
Brasil,2018,April,40697563.25000002
Norte,2018,April,2679313.77
Nordeste,2018,April,6668104.29
Sudeste,2018,April,20732785.770000003
Sul,2018,April,7527392.069999999
Centro-Oeste,2018,April,3089967.35
Brasil,2017,April,39436572.29
Norte,2017,April,2721049
Nordeste,2017,April,6567471.6
Sudeste,2017,April,19877597.32
Sul,2017,April,7275839.72
Centro-Oeste,2017,April,2994614.65
Brasil,2016,April,40276231.080000006
Norte,2016,April,2727271
Nordeste,2016,April,6615689.72
Sudeste,2016,April,20520225.2
Sul,2016,April,7326166.4799999995
Centro-Oeste,2016,April,3086878.68
Brasil,2015,April,39602500.300000004
Norte,2015,April,2646878
Nordeste,2015,April,6677082.84
Sudeste,2015,April,20215138.02
Sul,2015,April,7236051.6
Centro-Oeste,2015,April,2827349.84
Brasil,2014,April,39550251
Norte,2014,April,2601327
Nordeste,2014,April,6683649
Sudeste,2014,April,20451935
Sul,2014,April,7007480
Centro-Oeste,2014,April,2805860
Brasil,2013,April,38653663.43
Norte,2013,April,2461104.4299999997
Nordeste,2013,April,6852552
Sudeste,2013,April,20097448
Sul,2013,April,6572123
Centro-Oeste,2013,April,2670436
Brasil,2012,April,37995869.09
Norte,2012,April,2361904.7800000003
Nordeste,2012,April,6271553
Sudeste,2012,April,20295686
Sul,2012,April,6534981.31
Centro-Oeste,2012,April,2531744
Brasil,2011,April,36048318.05
Norte,2011,April,2218663.05
Nordeste,2011,April,5966554
Sudeste,2011,April,19369031
Sul,2011,April,6183233
Centro-Oeste,2011,April,2310837
Brasil,2010,April,35025860.489999995
Norte,2010,April,2146015.49
Nordeste,2010,April,5884040
Sudeste,2010,April,18825122
Sul,2010,April,5982263
Centro-Oeste,2010,April,2188420
Brasil,2009,April,32042792.8
Norte,2009,April,1919027
Nordeste,2009,April,5307847
Sudeste,2009,April,17027530
Sul,2009,April,5671556
Centro-Oeste,2009,April,2116832.8
Brasil,2008,April,31952656.29
Norte,2008,April,1888899
Nordeste,2008,April,5266621.29
Sudeste,2008,April,17284914
Sul,2008,April,5604344
Centro-Oeste,2008,April,1907878
Brasil,2007,April,32030744
Norte,2007,April,1832867
Nordeste,2007,April,5117947
Sudeste,2007,April,17761372
Sul,2007,April,5404659
Centro-Oeste,2007,April,1913899
Brasil,2006,April,29887953.009999998
Norte,2006,April,1733653.3900000001
Nordeste,2006,April,4856338.37
Sudeste,2006,April,16494218.43
Sul,2006,April,5062542.87
Centro-Oeste,2006,April,1741199.9499999997
Brasil,2005,April,29355501.910000008
Norte,2005,April,1651886.5100000002
Nordeste,2005,April,4675415.4799999995
Sudeste,2005,April,16304407.599999998
Sul,2005,April,4997008.14
Centro-Oeste,2005,April,1726784.1800000002
Brasil,2004,April,28046182.351
Norte,2004,April,1598862.11
Nordeste,2004,April,4461999.48
Sudeste,2004,April,15501322.96
Sul,2004,April,4873311.140000001
Centro-Oeste,2004,April,1610686.661
Brasil,2024,May,47038470.85999997
Norte,2024,May,3606561.2600000002
Nordeste,2024,May,8358661.739999998
Sudeste,2024,May,22864311.099999998
Sul,2024,May,8425185.92
Centro-Oeste,2024,May,3783750.840000001
Brasil,2023,May,43164881.79900002
Norte,2023,May,3393481.43
Nordeste,2023,May,7940968.289
Sudeste,2023,May,20584052.929999996
Sul,2023,May,7868683.14
Centro-Oeste,2023,May,3377696.0100000002
Brasil,2022,May,42050012.731000006
Norte,2022,May,3100010.501
Nordeste,2022,May,7269431.8500000015
Sudeste,2022,May,20788847.08
Sul,2022,May,7536736.120000001
Centro-Oeste,2022,May,3354987.18
Brasil,2021,May,40784637.999999985
Norte,2021,May,3053068.8200000003
Nordeste,2021,May,6974430.130000002
Sudeste,2021,May,19953594.76
Sul,2021,May,7579901.759999999
Centro-Oeste,2021,May,3223642.53
Brasil,2020,May,36129788.54010001
Norte,2020,May,2656714.05
Nordeste,2020,May,6362263.010000001
Sudeste,2020,May,17378115.140000004
Sul,2020,May,6672169.1400999995
Centro-Oeste,2020,May,3060527.2
Brasil,2019,May,40487228.46
Norte,2019,May,2688743.06
Nordeste,2019,May,7061639.58
Sudeste,2019,May,20187002.549999997
Sul,2019,May,7374881.39
Centro-Oeste,2019,May,3174961.88
Brasil,2018,May,39267849.54999999
Norte,2018,May,2666894.6700000004
Nordeste,2018,May,6660480.090000001
Sudeste,2018,May,19736423.810000006
Sul,2018,May,7190266.670000001
Centro-Oeste,2018,May,3013784.3099999996
Brasil,2017,May,38159955.32
Norte,2017,May,2934453
Nordeste,2017,May,6677706.97
Sudeste,2017,May,18885259.02
Sul,2017,May,6691196.25
Centro-Oeste,2017,May,2971340.08
Brasil,2016,May,38652561.57999999
Norte,2016,May,2862447
Nordeste,2016,May,6725406.93
Sudeste,2016,May,19303127.16
Sul,2016,May,6859486.78
Centro-Oeste,2016,May,2902093.71
Brasil,2015,May,38208982.339999996
Norte,2015,May,2718412
Nordeste,2015,May,6660375.949999999
Sudeste,2015,May,19296451.63
Sul,2015,May,6683610.3
Centro-Oeste,2015,May,2850132.46
Brasil,2014,May,39100499
Norte,2014,May,2707327
Nordeste,2014,May,6683419
Sudeste,2014,May,20068194
Sul,2014,May,6794930
Centro-Oeste,2014,May,2846629
Brasil,2013,May,38344861.57
Norte,2013,May,2454163.5700000003
Nordeste,2013,May,6660227
Sudeste,2013,May,19911821
Sul,2013,May,6613672
Centro-Oeste,2013,May,2704978
Brasil,2012,May,36810191.03
Norte,2012,May,2430160.15
Nordeste,2012,May,6436375
Sudeste,2012,May,19244538
Sul,2012,May,6141746.88
Centro-Oeste,2012,May,2557371
Brasil,2011,May,35565987.39
Norte,2011,May,2262894.39
Nordeste,2011,May,5899310
Sudeste,2011,May,18908980
Sul,2011,May,6147984
Centro-Oeste,2011,May,2346819
Brasil,2010,May,34296978
Norte,2010,May,2175440
Nordeste,2010,May,5959632
Sudeste,2010,May,18240192
Sul,2010,May,5730901
Centro-Oeste,2010,May,2190813
Brasil,2009,May,30945452.900000002
Norte,2009,May,1923559
Nordeste,2009,May,5189806
Sudeste,2009,May,16500151
Sul,2009,May,5266440
Centro-Oeste,2009,May,2065496.9000000001
Brasil,2008,May,32299963.39
Norte,2008,May,1933034
Nordeste,2008,May,5436907.39
Sudeste,2008,May,17577262
Sul,2008,May,5382338
Centro-Oeste,2008,May,1970422
Brasil,2007,May,31382917
Norte,2007,May,1889427
Nordeste,2007,May,5132742
Sudeste,2007,May,17290528
Sul,2007,May,5219841
Centro-Oeste,2007,May,1850379
Brasil,2006,May,28925038.559999995
Norte,2006,May,1753959.1899999997
Nordeste,2006,May,4793831.55
Sudeste,2006,May,15885834.52
Sul,2006,May,4807141
Centro-Oeste,2006,May,1684272.2999999998
Brasil,2005,May,28482150.609999996
Norte,2005,May,1689408.58
Nordeste,2005,May,4738600.68
Sudeste,2005,May,15581963.429999998
Sul,2005,May,4799820.58
Centro-Oeste,2005,May,1672357.34
Brasil,2004,May,27244506.479999993
Norte,2004,May,1625478.9200000002
Nordeste,2004,May,4423584.5200000005
Sudeste,2004,May,14906628.719999999
Sul,2004,May,4723026.16
Centro-Oeste,2004,May,1565788.16
Brasil,2024,June,0
Norte,2024,June,0
Nordeste,2024,June,0
Sudeste,2024,June,0
Sul,2024,June,0
Centro-Oeste,2024,June,0
Brasil,2023,June,42649622.92999998
Norte,2023,June,3375363.1399999997
Nordeste,2023,June,7727777.839999998
Sudeste,2023,June,20480714.120000005
Sul,2023,June,7697984.850000001
Centro-Oeste,2023,June,3367782.9799999995
Brasil,2022,June,40938867.979
Norte,2022,June,3120577.6099999994
Nordeste,2022,June,7021727.61
Sudeste,2022,June,19924574.97
Sul,2022,June,7594186.448999998
Centro-Oeste,2022,June,3277801.34
Brasil,2021,June,40428922.62999999
Norte,2021,June,3043949.37
Nordeste,2021,June,6994341.5600000005
Sudeste,2021,June,19751840.64
Sul,2021,June,7330462.949999998
Centro-Oeste,2021,June,3308328.1100000003
Brasil,2020,June,35774623.69999998
Norte,2020,June,2708916.2800000003
Nordeste,2020,June,6240148.050000001
Sudeste,2020,June,17315901.33
Sul,2020,June,6566358.790000001
Centro-Oeste,2020,June,2943299.2500000005
Brasil,2019,June,38448963.43000002
Norte,2019,June,2720526.67
Nordeste,2019,June,6631774.709999998
Sudeste,2019,June,18980779.55
Sul,2019,June,7058333.919999998
Centro-Oeste,2019,June,3057548.5799999996
Brasil,2018,June,38207689.970000006
Norte,2018,June,2582786.8200000003
Nordeste,2018,June,6603192.869999999
Sudeste,2018,June,19179160.04
Sul,2018,June,6899775.49
Centro-Oeste,2018,June,2942774.75
Brasil,2017,June,38119592.089999996
Norte,2017,June,2891844
Nordeste,2017,June,6597184.91
Sudeste,2017,June,18859514.270000003
Sul,2017,June,6804976.2
Centro-Oeste,2017,June,2966072.71
Brasil,2016,June,37557220.230000004
Norte,2016,June,2818826
Nordeste,2016,June,6602855.78
Sudeste,2016,June,18651588.86
Sul,2016,June,6644135.8
Centro-Oeste,2016,June,2839813.79
Brasil,2015,June,37269714.830000006
Norte,2015,June,2693038
Nordeste,2015,June,6441764.46
Sudeste,2015,June,18752590.64
Sul,2015,June,6567886
Centro-Oeste,2015,June,2814435.73
Brasil,2014,June,37726472.88
Norte,2014,June,2643397
Nordeste,2014,June,6378157.88
Sudeste,2014,June,19293127
Sul,2014,June,6627215
Centro-Oeste,2014,June,2784576
Brasil,2013,June,37627698.010000005
Norte,2013,June,2449533.01
Nordeste,2013,June,6384530
Sudeste,2013,June,19652655
Sul,2013,June,6498366
Centro-Oeste,2013,June,2642614
Brasil,2012,June,36528393.11
Norte,2012,June,2382273.83
Nordeste,2012,June,6135291
Sudeste,2012,June,19343073
Sul,2012,June,6180121.28
Centro-Oeste,2012,June,2487634
Brasil,2011,June,35159573.72
Norte,2011,June,2323603.7199999997
Nordeste,2011,June,5809043
Sudeste,2011,June,18737534
Sul,2011,June,6011171
Centro-Oeste,2011,June,2278222
Brasil,2010,June,34169459
Norte,2010,June,2198244
Nordeste,2010,June,5905720
Sudeste,2010,June,18212704
Sul,2010,June,5652619
Centro-Oeste,2010,June,2200172
Brasil,2009,June,30715169.95
Norte,2009,June,1993823
Nordeste,2009,June,5122496
Sudeste,2009,June,16330119
Sul,2009,June,5261043
Centro-Oeste,2009,June,2007688.95
Brasil,2008,June,31742987.79
Norte,2008,June,1980943
Nordeste,2008,June,5241034.79
Sudeste,2008,June,17180445
Sul,2008,June,5368281
Centro-Oeste,2008,June,1972284
Brasil,2007,June,30766760
Norte,2007,June,1899318
Nordeste,2007,June,5079581
Sudeste,2007,June,16890489
Sul,2007,June,5114607
Centro-Oeste,2007,June,1782765
Brasil,2006,June,29068797.599999994
Norte,2006,June,1761920.0300000003
Nordeste,2006,June,4769522.06
Sudeste,2006,June,15969883.010000002
Sul,2006,June,4879785.7700000005
Centro-Oeste,2006,June,1687686.7299999997
Brasil,2005,June,28326181.920000013
Norte,2005,June,1692287.96
Nordeste,2005,June,4575214.83
Sudeste,2005,June,15633866.989999998
Sul,2005,June,4760323.789999999
Centro-Oeste,2005,June,1664488.35
Brasil,2004,June,27082961.479999997
Norte,2004,June,1641381.91
Nordeste,2004,June,4409301.739999999
Sudeste,2004,June,14898517.41
Sul,2004,June,4556563.56
Centro-Oeste,2004,June,1577196.8599999999
Brasil,2024,July,0
Norte,2024,July,0
Nordeste,2024,July,0
Sudeste,2024,July,0
Sul,2024,July,0
Centro-Oeste,2024,July,0
Brasil,2023,July,42002500.300000004
Norte,2023,July,3426421.4
Nordeste,2023,July,7463808.490000002
Sudeste,2023,July,20135946.169999998
Sul,2023,July,7705370.51
Centro-Oeste,2023,July,3270953.73
Brasil,2022,July,41232572.94999999
Norte,2022,July,3254761.24
Nordeste,2022,July,7104760.800000002
Sudeste,2022,July,19948620.89
Sul,2022,July,7629542.6
Centro-Oeste,2022,July,3294887.42
Brasil,2021,July,40190502.12000002
Norte,2021,July,3034193.1399999997
Nordeste,2021,July,6994258.229999998
Sudeste,2021,July,19528232.239
Sul,2021,July,7472283.811
Centro-Oeste,2021,July,3161534.7
Brasil,2020,July,37874852.129000016
Norte,2020,July,2898335.31
Nordeste,2020,July,6535254.399999999
Sudeste,2020,July,18381116.009999998
Sul,2020,July,6979429.558999998
Centro-Oeste,2020,July,3080716.8500000006
Brasil,2019,July,38353669.269999996
Norte,2019,July,2820493.4800000004
Nordeste,2019,July,6679904.930000001
Sudeste,2019,July,18699587.519999996
Sul,2019,July,7081184.789999999
Centro-Oeste,2019,July,3072498.55
Brasil,2018,July,38515114.91
Norte,2018,July,2658452.06
Nordeste,2018,July,6527352.22
Sudeste,2018,July,19272778.68
Sul,2018,July,7049955.93
Centro-Oeste,2018,July,3006576.02
Brasil,2017,July,37383447.35999999
Norte,2017,July,2882108
Nordeste,2017,July,6385162.18
Sudeste,2017,July,18492331.66
Sul,2017,July,6751139.17
Centro-Oeste,2017,July,2872706.35
Brasil,2016,July,37261270.92
Norte,2016,July,2900857
Nordeste,2016,July,6469705.8
Sudeste,2016,July,18388987.38
Sul,2016,July,6665439.9
Centro-Oeste,2016,July,2836280.84
Brasil,2015,July,36819663.29
Norte,2015,July,2833640
Nordeste,2015,July,6218709.45
Sudeste,2015,July,18532921.47
Sul,2015,July,6446540
Centro-Oeste,2015,July,2787852.37
Brasil,2014,July,37765729
Norte,2014,July,2720799
Nordeste,2014,July,6554674
Sudeste,2014,July,19111350
Sul,2014,July,6639960
Centro-Oeste,2014,July,2738946
Brasil,2013,July,37697945.03
Norte,2013,July,2562520.0300000003
Nordeste,2013,July,6534919
Sudeste,2013,July,19331509
Sul,2013,July,6544154
Centro-Oeste,2013,July,2724843
Brasil,2012,July,35917147.199999996
Norte,2012,July,2397647.91
Nordeste,2012,July,6111808
Sudeste,2012,July,18762191
Sul,2012,July,6188904.29
Centro-Oeste,2012,July,2456596
Brasil,2011,July,35417292.620000005
Norte,2011,July,2351515.62
Nordeste,2011,July,5936622
Sudeste,2011,July,18731628
Sul,2011,July,6081811
Centro-Oeste,2011,July,2315716
Brasil,2010,July,33849349
Norte,2010,July,2195788
Nordeste,2010,July,5844282
Sudeste,2010,July,17936477
Sul,2010,July,5706940
Centro-Oeste,2010,July,2165862
Brasil,2009,July,31324991.23
Norte,2009,July,2023693
Nordeste,2009,July,5257360
Sudeste,2009,July,16655879
Sul,2009,July,5315045
Centro-Oeste,2009,July,2073014.23
Brasil,2008,July,32150352.03
Norte,2008,July,1998546
Nordeste,2008,July,5334190.03
Sudeste,2008,July,17451996
Sul,2008,July,5419027
Centro-Oeste,2008,July,1946593
Brasil,2007,July,30500299
Norte,2007,July,1912792
Nordeste,2007,July,5131886
Sudeste,2007,July,16589542
Sul,2007,July,5056898
Centro-Oeste,2007,July,1809181
Brasil,2006,July,29113809.229999993
Norte,2006,July,1812929.25
Nordeste,2006,July,4760160.14
Sudeste,2006,July,15981706.52
Sul,2006,July,4847373.099999999
Centro-Oeste,2006,July,1711640.2200000002
Brasil,2005,July,28322317.11999999
Norte,2005,July,1718917.7799999998
Nordeste,2005,July,4643778.48
Sudeste,2005,July,15509118.440000001
Sul,2005,July,4724562.06
Centro-Oeste,2005,July,1725940.36
Brasil,2004,July,27346004.67
Norte,2004,July,1665002.57
Nordeste,2004,July,4376174.119999999
Sudeste,2004,July,15094285.46
Sul,2004,July,4598792.890000001
Centro-Oeste,2004,July,1611749.63
Brasil,2024,August,0
Norte,2024,August,0
Nordeste,2024,August,0
Sudeste,2024,August,0
Sul,2024,August,0
Centro-Oeste,2024,August,0
Brasil,2023,August,43418716.70999998
Norte,2023,August,3601716.97
Nordeste,2023,August,7737155.04
Sudeste,2023,August,20744961.099999994
Sul,2023,August,7787582.83
Centro-Oeste,2023,August,3547300.7700000005
Brasil,2022,August,42120706.90000001
Norte,2022,August,3419567.14
Nordeste,2022,August,7278921.1
Sudeste,2022,August,20376354.57
Sul,2022,August,7645256.150000001
Centro-Oeste,2022,August,3400607.94
Brasil,2021,August,40908016.07
Norte,2021,August,3144877.9499999997
Nordeste,2021,August,7110501.540000001
Sudeste,2021,August,19800843.510999996
Sul,2021,August,7611805.359000001
Centro-Oeste,2021,August,3239987.7099999995
Brasil,2020,August,39250276.900000006
Norte,2020,August,3035360.7499999995
Nordeste,2020,August,6529785.690000002
Sudeste,2020,August,19324707.43
Sul,2020,August,7110002.59
Centro-Oeste,2020,August,3250420.44
Brasil,2019,August,38649212.86899999
Norte,2019,August,2881215.73
Nordeste,2019,August,6552950.599
Sudeste,2019,August,18900144.569999997
Sul,2019,August,7169974.359999999
Centro-Oeste,2019,August,3144927.6100000003
Brasil,2018,August,39056711.430000015
Norte,2018,August,2688993.8099999996
Nordeste,2018,August,6694635.720000001
Sudeste,2018,August,19378187.369999997
Sul,2018,August,7142685.819999998
Centro-Oeste,2018,August,3152208.71
Brasil,2017,August,37867561.849999994
Norte,2017,August,3041036
Nordeste,2017,August,6507476.600000001
Sudeste,2017,August,18499902.09
Sul,2017,August,6880099.3
Centro-Oeste,2017,August,2939047.86
Brasil,2016,August,37698998.25
Norte,2016,August,2932615
Nordeste,2016,August,6524029.2
Sudeste,2016,August,18711601.76
Sul,2016,August,6609796.8
Centro-Oeste,2016,August,2920955.49
Brasil,2015,August,37861860.11000001
Norte,2015,August,2891977.49
Nordeste,2015,August,6337057.3100000005
Sudeste,2015,August,19084994.17
Sul,2015,August,6648543.5
Centro-Oeste,2015,August,2899287.64
Brasil,2014,August,38651774
Norte,2014,August,2759032
Nordeste,2014,August,6652720
Sudeste,2014,August,19438306
Sul,2014,August,6872774
Centro-Oeste,2014,August,2928942
Brasil,2013,August,38613276.260000005
Norte,2013,August,2559396.26
Nordeste,2013,August,6580762
Sudeste,2013,August,19838087
Sul,2013,August,6797218
Centro-Oeste,2013,August,2837813
Brasil,2012,August,37179602.53
Norte,2012,August,2490520.71
Nordeste,2012,August,6323564
Sudeste,2012,August,19393131
Sul,2012,August,6391480.82
Centro-Oeste,2012,August,2580906
Brasil,2011,August,36335812.84
Norte,2011,August,2406842.84
Nordeste,2011,August,6092998
Sudeste,2011,August,19249143
Sul,2011,August,6177576
Centro-Oeste,2011,August,2409253
Brasil,2010,August,34713394.230000004
Norte,2010,August,2228538.23
Nordeste,2010,August,5833193
Sudeste,2010,August,18656632
Sul,2010,August,5755499
Centro-Oeste,2010,August,2239532
Brasil,2009,August,32262205.6
Norte,2009,August,2074891
Nordeste,2009,August,5501276
Sudeste,2009,August,17158443
Sul,2009,August,5392188
Centro-Oeste,2009,August,2135407.6
Brasil,2008,August,33013528.63
Norte,2008,August,2066807
Nordeste,2008,August,5400230.63
Sudeste,2008,August,17983892
Sul,2008,August,5520183
Centro-Oeste,2008,August,2042416
Brasil,2007,August,31181133
Norte,2007,August,1950708
Nordeste,2007,August,5212952
Sudeste,2007,August,16970732
Sul,2007,August,5194645
Centro-Oeste,2007,August,1852096
Brasil,2006,August,29886236.06
Norte,2006,August,1851942.88
Nordeste,2006,August,4939399.63
Sudeste,2006,August,16352069.779999997
Sul,2006,August,4957961.01
Centro-Oeste,2006,August,1784862.7599999998
Brasil,2005,August,28764354.809000008
Norte,2005,August,1725457.3099999998
Nordeste,2005,August,4739650.5600000005
Sudeste,2005,August,15838516.629999995
Sul,2005,August,4743658.99
Centro-Oeste,2005,August,1717071.319
Brasil,2004,August,27656857.789999995
Norte,2004,August,1729895.8900000001
Nordeste,2004,August,4438514.59
Sudeste,2004,August,15189574.869999997
Sul,2004,August,4653182.4399999995
Centro-Oeste,2004,August,1645690
Brasil,2024,September,0
Norte,2024,September,0
Nordeste,2024,September,0
Sudeste,2024,September,0
Sul,2024,September,0
Centro-Oeste,2024,September,0
Brasil,2023,September,44477047.34099999
Norte,2023,September,3689266.9299999997
Nordeste,2023,September,8056889.150000001
Sudeste,2023,September,21190186.369999997
Sul,2023,September,7809609.301
Centro-Oeste,2023,September,3731095.59
Brasil,2022,September,42310335.85999999
Norte,2022,September,3380310.2399999998
Nordeste,2022,September,7422699.759999998
Sudeste,2022,September,20442843.669999998
Sul,2022,September,7536751.849999998
Centro-Oeste,2022,September,3527730.3400000003
Brasil,2021,September,41952552.080000006
Norte,2021,September,3172367.9699999997
Nordeste,2021,September,7190595.92
Sudeste,2021,September,20664259.57
Sul,2021,September,7349094.32
Centro-Oeste,2021,September,3576234.2999999993
Brasil,2020,September,40360042.64899999
Norte,2020,September,3085359.71
Nordeste,2020,September,6830849.029
Sudeste,2020,September,19785077.390000004
Sul,2020,September,7263502.489999999
Centro-Oeste,2020,September,3395254.0299999993
Brasil,2019,September,39269725.02099998
Norte,2019,September,2938025.7600000002
Nordeste,2019,September,6640922.869999999
Sudeste,2019,September,19292022.249999996
Sul,2019,September,7031952.630999999
Centro-Oeste,2019,September,3366801.51
Brasil,2018,September,39046236.540000014
Norte,2018,September,2689092.8200000003
Nordeste,2018,September,6643931.26
Sudeste,2018,September,19599718.169999998
Sul,2018,September,6955336.27
Centro-Oeste,2018,September,3158158.02
Brasil,2017,September,39013960.43
Norte,2017,September,2983201
Nordeste,2017,September,6516904.8100000005
Sudeste,2017,September,19351380.89
Sul,2017,September,6981237.5
Centro-Oeste,2017,September,3181236.23
Brasil,2016,September,38351221.93
Norte,2016,September,2919161
Nordeste,2016,September,6629965.93
Sudeste,2016,September,19239375
Sul,2016,September,6587723.5
Centro-Oeste,2016,September,2974996.5
Brasil,2015,September,37844661.6
Norte,2015,September,2964444
Nordeste,2015,September,6388474.6899999995
Sudeste,2015,September,18919408.01
Sul,2015,September,6494009.35
Centro-Oeste,2015,September,3078325.55
Brasil,2014,September,38894976
Norte,2014,September,2836892
Nordeste,2014,September,6721395
Sudeste,2014,September,19529007
Sul,2014,September,6787415
Centro-Oeste,2014,September,3020267
Brasil,2013,September,38524724.16
Norte,2013,September,2571187.16
Nordeste,2013,September,6536720
Sudeste,2013,September,20027335
Sul,2013,September,6572961
Centro-Oeste,2013,September,2816521
Brasil,2012,September,37661696.120000005
Norte,2012,September,2455692.17
Nordeste,2012,September,6288243
Sudeste,2012,September,19904342
Sul,2012,September,6340228.95
Centro-Oeste,2012,September,2673190
Brasil,2011,September,36965189.34
Norte,2011,September,2419447.34
Nordeste,2011,September,6093026
Sudeste,2011,September,19753623
Sul,2011,September,6133865
Centro-Oeste,2011,September,2565228
Brasil,2010,September,35182271.010000005
Norte,2010,September,2279911.51
Nordeste,2010,September,5896294
Sudeste,2010,September,18980234
Sul,2010,September,5711562.5
Centro-Oeste,2010,September,2314269
Brasil,2009,September,32716665.810000002
Norte,2009,September,2089534
Nordeste,2009,September,5581245
Sudeste,2009,September,17516988.1
Sul,2009,September,5362624
Centro-Oeste,2009,September,2166274.71
Brasil,2008,September,32964086.69
Norte,2008,September,2112487
Nordeste,2008,September,5461713.6899999995
Sudeste,2008,September,17869017
Sul,2008,September,5412749
Centro-Oeste,2008,September,2108120
Brasil,2007,September,31735736
Norte,2007,September,1964607
Nordeste,2007,September,5148024
Sudeste,2007,September,17585510
Sul,2007,September,5157841
Centro-Oeste,2007,September,1879754
Brasil,2006,September,29916630.53900001
Norte,2006,September,1886314.46
Nordeste,2006,September,4950953.07
Sudeste,2006,September,16434266.179999998
Sul,2006,September,4841502.43
Centro-Oeste,2006,September,1803594.3990000002
Brasil,2005,September,29335128.080000013
Norte,2005,September,1752160.7999999998
Nordeste,2005,September,4763780.850000001
Sudeste,2005,September,16391988.83
Sul,2005,September,4654131.24
Centro-Oeste,2005,September,1773066.36
Brasil,2004,September,28232451.24000001
Norte,2004,September,1687156.54
Nordeste,2004,September,4570030.34
Sudeste,2004,September,15593685.74
Sul,2004,September,4654411.58
Centro-Oeste,2004,September,1727167.04
Brasil,2024,October,0
Norte,2024,October,0
Nordeste,2024,October,0
Sudeste,2024,October,0
Sul,2024,October,0
Centro-Oeste,2024,October,0
Brasil,2023,October,46048083.978999995
Norte,2023,October,3713736.709
Nordeste,2023,October,8202189.740000001
Sudeste,2023,October,22135334.860000003
Sul,2023,October,8042208.960000001
Centro-Oeste,2023,October,3954613.7100000004
Brasil,2022,October,42519057.32899998
Norte,2022,October,3421209.949
Nordeste,2022,October,7644764.739999999
Sudeste,2022,October,20496294.56
Sul,2022,October,7417894.200000001
Centro-Oeste,2022,October,3538893.88
Brasil,2021,October,42596650.58099999
Norte,2021,October,3201778.23
Nordeste,2021,October,7540206.289999999
Sudeste,2021,October,20795883.880000003
Sul,2021,October,7447105.851000001
Centro-Oeste,2021,October,3611676.33
Brasil,2020,October,42931283.500999995
Norte,2020,October,3160122.36
Nordeste,2020,October,7372795.72
Sudeste,2020,October,21224406.630000003
Sul,2020,October,7519420.3100000005
Centro-Oeste,2020,October,3654538.481
Brasil,2019,October,41075150.13000002
Norte,2019,October,2965330.92
Nordeste,2019,October,7145735.429999999
Sudeste,2019,October,20170884.3
Sul,2019,October,7346734.09
Centro-Oeste,2019,October,3446465.3899999997
Brasil,2018,October,40402554.07000001
Norte,2018,October,2829919.4099999997
Nordeste,2018,October,7060110.7299999995
Sudeste,2018,October,20110168.82
Sul,2018,October,7087909.8100000005
Centro-Oeste,2018,October,3314445.3
Brasil,2017,October,39351761.02
Norte,2017,October,3056787
Nordeste,2017,October,6876942.4799999995
Sudeste,2017,October,19442583.31
Sul,2017,October,6878050.1
Centro-Oeste,2017,October,3097398.13
Brasil,2016,October,38204182.24
Norte,2016,October,2946530
Nordeste,2016,October,6687638.0200000005
Sudeste,2016,October,19147567.9
Sul,2016,October,6452385.1899999995
Centro-Oeste,2016,October,2970061.13
Brasil,2015,October,39282717.57000001
Norte,2015,October,3050012
Nordeste,2015,October,6640647.739999999
Sudeste,2015,October,19814545.94
Sul,2015,October,6561338.84
Centro-Oeste,2015,October,3216173.05
Brasil,2014,October,40100440.59
Norte,2014,October,2825876
Nordeste,2014,October,6929490.59
Sudeste,2014,October,20304956
Sul,2014,October,6922704
Centro-Oeste,2014,October,3117414
Brasil,2013,October,39389004.379999995
Norte,2013,October,2720586.38
Nordeste,2013,October,6832552
Sudeste,2013,October,20325563
Sul,2013,October,6654874
Centro-Oeste,2013,October,2855429
Brasil,2012,October,37796014.07
Norte,2012,October,2505782.4
Nordeste,2012,October,6427697
Sudeste,2012,October,19837975
Sul,2012,October,6251817.67
Centro-Oeste,2012,October,2772742
Brasil,2011,October,36743770.379999995
Norte,2011,October,2476119.38
Nordeste,2011,October,6216199
Sudeste,2011,October,19385128
Sul,2011,October,6118714
Centro-Oeste,2011,October,2547610
Brasil,2010,October,35188924.99
Norte,2010,October,2325697.5300000003
Nordeste,2010,October,6123244
Sudeste,2010,October,18818098
Sul,2010,October,5628306.46
Centro-Oeste,2010,October,2293579
Brasil,2009,October,33419533.139999997
Norte,2009,October,2135822
Nordeste,2009,October,5779775
Sudeste,2009,October,17858520
Sul,2009,October,5440950
Centro-Oeste,2009,October,2204466.14
Brasil,2008,October,33673777.379999995
Norte,2008,October,2151182
Nordeste,2008,October,5685044.38
Sudeste,2008,October,18231987
Sul,2008,October,5481462
Centro-Oeste,2008,October,2124102
Brasil,2007,October,32135735
Norte,2007,October,2006525
Nordeste,2007,October,5440994
Sudeste,2007,October,17488650
Sul,2007,October,5240394
Centro-Oeste,2007,October,1959172
Brasil,2006,October,30143525.320000004
Norte,2006,October,1899959.4099999997
Nordeste,2006,October,5141500.93
Sudeste,2006,October,16453397.740000002
Sul,2006,October,4852384.500000001
Centro-Oeste,2006,October,1796282.74
Brasil,2005,October,29145312.05000001
Norte,2005,October,1796178.4100000001
Nordeste,2005,October,4849539.18
Sudeste,2005,October,16074848.55
Sul,2005,October,4668762.35
Centro-Oeste,2005,October,1755983.56
Brasil,2004,October,28556120.939999994
Norte,2004,October,1724166.75
Nordeste,2004,October,4657880.989999999
Sudeste,2004,October,15839877.16
Sul,2004,October,4590697.5
Centro-Oeste,2004,October,1743498.5400000003
Brasil,2024,November,0
Norte,2024,November,0
Nordeste,2024,November,0
Sudeste,2024,November,0
Sul,2024,November,0
Centro-Oeste,2024,November,0
Brasil,2023,November,46669820.080000006
Norte,2023,November,3628490.86
Nordeste,2023,November,8478291.370000001
Sudeste,2023,November,22489273.85
Sul,2023,November,8039109.220000001
Centro-Oeste,2023,November,4034654.7800000003
Brasil,2022,November,42753582.83000002
Norte,2022,November,3344483.65
Nordeste,2022,November,7770458.349999999
Sudeste,2022,November,20581355.78
Sul,2022,November,7584501.74
Centro-Oeste,2022,November,3472783.31
Brasil,2021,November,41869275.91099998
Norte,2021,November,3161072.7900000005
Nordeste,2021,November,7484406.33
Sudeste,2021,November,20237020.560000002
Sul,2021,November,7611454.381000002
Centro-Oeste,2021,November,3375321.8500000006
Brasil,2020,November,41438765.789900005
Norte,2020,November,3007704.05
Nordeste,2020,November,7017888.79
Sudeste,2020,November,20377363.41
Sul,2020,November,7616849.5099
Centro-Oeste,2020,November,3418960.0300000003
Brasil,2019,November,41779611.56000002
Norte,2019,November,2925431.8
Nordeste,2019,November,7310777.679999999
Sudeste,2019,November,20623038.89
Sul,2019,November,7520829.950000001
Centro-Oeste,2019,November,3399533.24
Brasil,2018,November,40414059.50100003
Norte,2018,November,2723638.17
Nordeste,2018,November,7190633.200000001
Sudeste,2018,November,20154428.67
Sul,2018,November,7173508.069999999
Centro-Oeste,2018,November,3171851.3910000003
Brasil,2017,November,39833033.26
Norte,2017,November,2965901
Nordeste,2017,November,6911593.180000001
Sudeste,2017,November,19915401.05
Sul,2017,November,6932667.6
Centro-Oeste,2017,November,3107470.43
Brasil,2016,November,38759185.059999995
Norte,2016,November,2952602
Nordeste,2016,November,6824573.899999999
Sudeste,2016,November,19361478.46
Sul,2016,November,6690297.96
Centro-Oeste,2016,November,2930232.74
Brasil,2015,November,39230586.370000005
Norte,2015,November,2958108
Nordeste,2015,November,6660436.850000001
Sudeste,2015,November,19836832.099999998
Sul,2015,November,6636695.54
Centro-Oeste,2015,November,3138513.88
Brasil,2014,November,40950726.39
Norte,2014,November,2762256
Nordeste,2014,November,6919617.39
Sudeste,2014,November,20968110
Sul,2014,November,7264836
Centro-Oeste,2014,November,3035907
Brasil,2013,November,39920289.54
Norte,2013,November,2641605.54
Nordeste,2013,November,6759701
Sudeste,2013,November,20765973
Sul,2013,November,6849526
Centro-Oeste,2013,November,2903484
Brasil,2012,November,38643584.230000004
Norte,2012,November,2484061.67
Nordeste,2012,November,6421108
Sudeste,2012,November,20485581
Sul,2012,November,6543891.56
Centro-Oeste,2012,November,2708942
Brasil,2011,November,36368389.769999996
Norte,2011,November,2369153.77
Nordeste,2011,November,6137780
Sudeste,2011,November,19378704
Sul,2011,November,6045746
Centro-Oeste,2011,November,2437006
Brasil,2010,November,35077981.26
Norte,2010,November,2262056.57
Nordeste,2010,November,6136436
Sudeste,2010,November,18709507
Sul,2010,November,5758555.6899999995
Centro-Oeste,2010,November,2211426
Brasil,2009,November,33616820.2
Norte,2009,November,2132369
Nordeste,2009,November,5705872
Sudeste,2009,November,18058927.4
Sul,2009,November,5591816
Centro-Oeste,2009,November,2127835.8000000003
Brasil,2008,November,33410166.509999998
Norte,2008,November,2081744
Nordeste,2008,November,5585548.51
Sudeste,2008,November,18164111
Sul,2008,November,5441085
Centro-Oeste,2008,November,2137678
Brasil,2007,November,32654491
Norte,2007,November,1995582
Nordeste,2007,November,5502715
Sudeste,2007,November,17983265
Sul,2007,November,5294910
Centro-Oeste,2007,November,1878019
Brasil,2006,November,30531121.359999992
Norte,2006,November,1871573.6099999999
Nordeste,2006,November,5132731.459999999
Sudeste,2006,November,16722623.48
Sul,2006,November,5043949.260000001
Centro-Oeste,2006,November,1760243.55
Brasil,2005,November,29287617.219999995
Norte,2005,November,1787686.7399999998
Nordeste,2005,November,4919391.14
Sudeste,2005,November,16089442.920000002
Sul,2005,November,4748342.43
Centro-Oeste,2005,November,1742753.99
Brasil,2004,November,28367124.049999993
Norte,2004,November,1719638.46
Nordeste,2004,November,4708464.83
Sudeste,2004,November,15804794.180000002
Sul,2004,November,4529419.23
Centro-Oeste,2004,November,1604807.35
Brasil,2024,December,0
Norte,2024,December,0
Nordeste,2024,December,0
Sudeste,2024,December,0
Sul,2024,December,0
Centro-Oeste,2024,December,0
Brasil,2023,December,47213726.92999998
Norte,2023,December,3554574.22
Nordeste,2023,December,8484311.56
Sudeste,2023,December,22841022.75
Sul,2023,December,8365523.170000001
Centro-Oeste,2023,December,3968295.23
Brasil,2022,December,43230081.04000003
Norte,2022,December,3309421.01
Nordeste,2022,December,7692127.15
Sudeste,2022,December,20763406.39
Sul,2022,December,8011390.739999999
Centro-Oeste,2022,December,3453735.75
Brasil,2021,December,42915950.780000016
Norte,2021,December,3159175.4000000004
Nordeste,2021,December,7714747.950000001
Sudeste,2021,December,20723919.669999998
Sul,2021,December,7896308.779999999
Centro-Oeste,2021,December,3421798.9800000004
Brasil,2020,December,42169432.53
Norte,2020,December,2991751.6900000004
Nordeste,2020,December,7113710.300000001
Sudeste,2020,December,20807480.840000004
Sul,2020,December,7842892.709999998
Centro-Oeste,2020,December,3413596.9899999998
Brasil,2019,December,40810007.45000001
Norte,2019,December,2994752.71
Nordeste,2019,December,7544853.460000002
Sudeste,2019,December,19593151.18
Sul,2019,December,7467002.399999999
Centro-Oeste,2019,December,3210247.7
Brasil,2018,December,40033442.06999999
Norte,2018,December,2585260.22
Nordeste,2018,December,7007459.289999999
Sudeste,2018,December,20021514.689999998
Sul,2018,December,7276982.62
Centro-Oeste,2018,December,3142225.25
Brasil,2017,December,39610218.910000004
Norte,2017,December,2915303
Nordeste,2017,December,6909062.04
Sudeste,2017,December,19748006.099999998
Sul,2017,December,7128627.7
Centro-Oeste,2017,December,2909220.07
Brasil,2016,December,38782644.980000004
Norte,2016,December,2896559
Nordeste,2016,December,6866218.529999999
Sudeste,2016,December,19268368.88
Sul,2016,December,6944869.4
Centro-Oeste,2016,December,2806629.17
Brasil,2015,December,38676460.36000001
Norte,2015,December,2962634
Nordeste,2015,December,6799124.31
Sudeste,2015,December,19359381.939999998
Sul,2015,December,6604791.22
Centro-Oeste,2015,December,2950528.89
Brasil,2014,December,39838307.03
Norte,2014,December,2816133
Nordeste,2014,December,6859202.03
Sudeste,2014,December,20098588
Sul,2014,December,7266585
Centro-Oeste,2014,December,2797799
Brasil,2013,December,39556378.239999995
Norte,2013,December,2738735.24
Nordeste,2013,December,6733760
Sudeste,2013,December,20381824
Sul,2013,December,6885986
Centro-Oeste,2013,December,2816073
Brasil,2012,December,37765084.440000005
Norte,2012,December,2410373.0300000003
Nordeste,2012,December,6478746
Sudeste,2012,December,19506176
Sul,2012,December,6725279.41
Centro-Oeste,2012,December,2644510
Brasil,2011,December,36741948.78
Norte,2011,December,2415931.7800000003
Nordeste,2011,December,6244198
Sudeste,2011,December,19297800
Sul,2011,December,6344201
Centro-Oeste,2011,December,2439818
Brasil,2010,December,35956439.4
Norte,2010,December,2260545.71
Nordeste,2010,December,6165765
Sudeste,2010,December,19306259
Sul,2010,December,6029230.6899999995
Centro-Oeste,2010,December,2194639
Brasil,2009,December,34123194.7
Norte,2009,December,2121716
Nordeste,2009,December,5968068
Sudeste,2009,December,18201962.2
Sul,2009,December,5739383
Centro-Oeste,2009,December,2092065.5
Brasil,2008,December,31559278.490000002
Norte,2008,December,2032318
Nordeste,2008,December,5535839.49
Sudeste,2008,December,16659849
Sul,2008,December,5366031
Centro-Oeste,2008,December,1965241
Brasil,2007,December,32304926
Norte,2007,December,1991017
Nordeste,2007,December,5546780
Sudeste,2007,December,17621312
Sul,2007,December,5333163
Centro-Oeste,2007,December,1812654
Brasil,2006,December,30493979.03000001
Norte,2006,December,1864369.94
Nordeste,2006,December,5122709.51
Sudeste,2006,December,16689648.170000004
Sul,2006,December,5074875.269999999
Centro-Oeste,2006,December,1742376.14
Brasil,2005,December,29505146.070000004
Norte,2005,December,1774268.42
Nordeste,2005,December,5005463.899999999
Sudeste,2005,December,16116894.270000001
Sul,2005,December,4948742.880000002
Centro-Oeste,2005,December,1659776.5999999999
Brasil,2004,December,28562106.43
Norte,2004,December,1740620.86
Nordeste,2004,December,4770509.72
Sudeste,2004,December,15750647.949999997
Sul,2004,December,4665214.36
Centro-Oeste,2004,December,1635113.54
